,Title,Price,Link
0,A Light in the ...,51.77,catalogue/a-light-in-the-attic_1000/index.html
1,Tipping the Velvet,53.74,catalogue/tipping-the-velvet_999/index.html
2,Soumission,50.1,catalogue/soumission_998/index.html
3,Sharp Objects,47.82,catalogue/sharp-objects_997/index.html
4,Sapiens: A Brief History ...,54.23,catalogue/sapiens-a-brief-history-of-humankind_996/index.html
5,The Requiem Red,22.65,catalogue/the-requiem-red_995/index.html
6,The Dirty Little Secrets ...,33.34,catalogue/the-dirty-little-secrets-of-getting-your-dream-job_994/index.html
7,The Coming Woman: A ...,17.93,catalogue/the-coming-woman-a-novel-based-on-the-life-of-the-infamous-feminist-victoria-woodhull_993/index.html
8,The Boys in the ...,22.6,catalogue/the-boys-in-the-boat-nine-americans-and-their-epic-quest-for-gold-at-the-1936-berlin-olympics_992/index.html
9,The Black Maria,52.15,catalogue/the-black-maria_991/index.html
10,Starving Hearts (Triangular Trade ...,13.99,catalogue/starving-hearts-triangular-trade-trilogy-1_990/index.html
11,Shakespeare's Sonnets,20.66,catalogue/shakespeares-sonnets_989/index.html
12,Set Me Free,17.46,catalogue/set-me-free_988/index.html
13,Scott Pilgrim's Precious Little ...,52.29,catalogue/scott-pilgrims-precious-little-life-scott-pilgrim-1_987/index.html
14,Rip it Up and ...,35.02,catalogue/rip-it-up-and-start-again_986/index.html
15,Our Band Could Be ...,57.25,catalogue/our-band-could-be-your-life-scenes-from-the-american-indie-underground-1981-1991_985/index.html
16,Olio,23.88,catalogue/olio_984/index.html
17,Mesaerion: The Best Science ...,37.59,catalogue/mesaerion-the-best-science-fiction-stories-1800-1849_983/index.html
18,Libertarianism for Beginners,51.33,catalogue/libertarianism-for-beginners_982/index.html
19,It's Only the Himalayas,45.17,catalogue/its-only-the-himalayas_981/index.html
20,A Light in the ...,51.77,catalogue/a-light-in-the-attic_1000/index.html
21,Tipping the Velvet,53.74,catalogue/tipping-the-velvet_999/index.html
22,Soumission,50.1,catalogue/soumission_998/index.html
23,Sharp Objects,47.82,catalogue/sharp-objects_997/index.html
24,Sapiens: A Brief History ...,54.23,catalogue/sapiens-a-brief-history-of-humankind_996/index.html
25,The Requiem Red,22.65,catalogue/the-requiem-red_995/index.html
26,The Dirty Little Secrets ...,33.34,catalogue/the-dirty-little-secrets-of-getting-your-dream-job_994/index.html
27,The Coming Woman: A ...,17.93,catalogue/the-coming-woman-a-novel-based-on-the-life-of-the-infamous-feminist-victoria-woodhull_993/index.html
28,The Boys in the ...,22.6,catalogue/the-boys-in-the-boat-nine-americans-and-their-epic-quest-for-gold-at-the-1936-berlin-olympics_992/index.html
29,The Black Maria,52.15,catalogue/the-black-maria_991/index.html
30,Starving Hearts (Triangular Trade ...,13.99,catalogue/starving-hearts-triangular-trade-trilogy-1_990/index.html
31,Shakespeare's Sonnets,20.66,catalogue/shakespeares-sonnets_989/index.html
32,Set Me Free,17.46,catalogue/set-me-free_988/index.html
33,Scott Pilgrim's Precious Little ...,52.29,catalogue/scott-pilgrims-precious-little-life-scott-pilgrim-1_987/index.html
34,Rip it Up and ...,35.02,catalogue/rip-it-up-and-start-again_986/index.html
35,Our Band Could Be ...,57.25,catalogue/our-band-could-be-your-life-scenes-from-the-american-indie-underground-1981-1991_985/index.html
36,Olio,23.88,catalogue/olio_984/index.html
37,Mesaerion: The Best Science ...,37.59,catalogue/mesaerion-the-best-science-fiction-stories-1800-1849_983/index.html
38,Libertarianism for Beginners,51.33,catalogue/libertarianism-for-beginners_982/index.html
39,It's Only the Himalayas,45.17,catalogue/its-only-the-himalayas_981/index.html
40,A Light in the ...,51.77,catalogue/a-light-in-the-attic_1000/index.html
41,Tipping the Velvet,53.74,catalogue/tipping-the-velvet_999/index.html
42,Soumission,50.1,catalogue/soumission_998/index.html
43,Sharp Objects,47.82,catalogue/sharp-objects_997/index.html
44,Sapiens: A Brief History ...,54.23,catalogue/sapiens-a-brief-history-of-humankind_996/index.html
45,The Requiem Red,22.65,catalogue/the-requiem-red_995/index.html
46,The Dirty Little Secrets ...,33.34,catalogue/the-dirty-little-secrets-of-getting-your-dream-job_994/index.html
47,The Coming Woman: A ...,17.93,catalogue/the-coming-woman-a-novel-based-on-the-life-of-the-infamous-feminist-victoria-woodhull_993/index.html
48,The Boys in the ...,22.6,catalogue/the-boys-in-the-boat-nine-americans-and-their-epic-quest-for-gold-at-the-1936-berlin-olympics_992/index.html
49,The Black Maria,52.15,catalogue/the-black-maria_991/index.html
50,Starving Hearts (Triangular Trade ...,13.99,catalogue/starving-hearts-triangular-trade-trilogy-1_990/index.html
51,Shakespeare's Sonnets,20.66,catalogue/shakespeares-sonnets_989/index.html
52,Set Me Free,17.46,catalogue/set-me-free_988/index.html
53,Scott Pilgrim's Precious Little ...,52.29,catalogue/scott-pilgrims-precious-little-life-scott-pilgrim-1_987/index.html
54,Rip it Up and ...,35.02,catalogue/rip-it-up-and-start-again_986/index.html
55,Our Band Could Be ...,57.25,catalogue/our-band-could-be-your-life-scenes-from-the-american-indie-underground-1981-1991_985/index.html
56,Olio,23.88,catalogue/olio_984/index.html
57,Mesaerion: The Best Science ...,37.59,catalogue/mesaerion-the-best-science-fiction-stories-1800-1849_983/index.html
58,Libertarianism for Beginners,51.33,catalogue/libertarianism-for-beginners_982/index.html
59,It's Only the Himalayas,45.17,catalogue/its-only-the-himalayas_981/index.html
60,A Light in the ...,51.77,catalogue/a-light-in-the-attic_1000/index.html
61,Tipping the Velvet,53.74,catalogue/tipping-the-velvet_999/index.html
62,Soumission,50.1,catalogue/soumission_998/index.html
63,Sharp Objects,47.82,catalogue/sharp-objects_997/index.html
64,Sapiens: A Brief History ...,54.23,catalogue/sapiens-a-brief-history-of-humankind_996/index.html
65,The Requiem Red,22.65,catalogue/the-requiem-red_995/index.html
66,The Dirty Little Secrets ...,33.34,catalogue/the-dirty-little-secrets-of-getting-your-dream-job_994/index.html
67,The Coming Woman: A ...,17.93,catalogue/the-coming-woman-a-novel-based-on-the-life-of-the-infamous-feminist-victoria-woodhull_993/index.html
68,The Boys in the ...,22.6,catalogue/the-boys-in-the-boat-nine-americans-and-their-epic-quest-for-gold-at-the-1936-berlin-olympics_992/index.html
69,The Black Maria,52.15,catalogue/the-black-maria_991/index.html
70,Starving Hearts (Triangular Trade ...,13.99,catalogue/starving-hearts-triangular-trade-trilogy-1_990/index.html
71,Shakespeare's Sonnets,20.66,catalogue/shakespeares-sonnets_989/index.html
72,Set Me Free,17.46,catalogue/set-me-free_988/index.html
73,Scott Pilgrim's Precious Little ...,52.29,catalogue/scott-pilgrims-precious-little-life-scott-pilgrim-1_987/index.html
74,Rip it Up and ...,35.02,catalogue/rip-it-up-and-start-again_986/index.html
75,Our Band Could Be ...,57.25,catalogue/our-band-could-be-your-life-scenes-from-the-american-indie-underground-1981-1991_985/index.html
76,Olio,23.88,catalogue/olio_984/index.html
77,Mesaerion: The Best Science ...,37.59,catalogue/mesaerion-the-best-science-fiction-stories-1800-1849_983/index.html
78,Libertarianism for Beginners,51.33,catalogue/libertarianism-for-beginners_982/index.html
79,It's Only the Himalayas,45.17,catalogue/its-only-the-himalayas_981/index.html
80,A Light in the ...,51.77,catalogue/a-light-in-the-attic_1000/index.html
81,Tipping the Velvet,53.74,catalogue/tipping-the-velvet_999/index.html
82,Soumission,50.1,catalogue/soumission_998/index.html
83,Sharp Objects,47.82,catalogue/sharp-objects_997/index.html
84,Sapiens: A Brief History ...,54.23,catalogue/sapiens-a-brief-history-of-humankind_996/index.html
85,The Requiem Red,22.65,catalogue/the-requiem-red_995/index.html
86,The Dirty Little Secrets ...,33.34,catalogue/the-dirty-little-secrets-of-getting-your-dream-job_994/index.html
87,The Coming Woman: A ...,17.93,catalogue/the-coming-woman-a-novel-based-on-the-life-of-the-infamous-feminist-victoria-woodhull_993/index.html
88,The Boys in the ...,22.6,catalogue/the-boys-in-the-boat-nine-americans-and-their-epic-quest-for-gold-at-the-1936-berlin-olympics_992/index.html
89,The Black Maria,52.15,catalogue/the-black-maria_991/index.html
90,Starving Hearts (Triangular Trade ...,13.99,catalogue/starving-hearts-triangular-trade-trilogy-1_990/index.html
91,Shakespeare's Sonnets,20.66,catalogue/shakespeares-sonnets_989/index.html
92,Set Me Free,17.46,catalogue/set-me-free_988/index.html
93,Scott Pilgrim's Precious Little ...,52.29,catalogue/scott-pilgrims-precious-little-life-scott-pilgrim-1_987/index.html
94,Rip it Up and ...,35.02,catalogue/rip-it-up-and-start-again_986/index.html
95,Our Band Could Be ...,57.25,catalogue/our-band-could-be-your-life-scenes-from-the-american-indie-underground-1981-1991_985/index.html
96,Olio,23.88,catalogue/olio_984/index.html
97,Mesaerion: The Best Science ...,37.59,catalogue/mesaerion-the-best-science-fiction-stories-1800-1849_983/index.html
98,Libertarianism for Beginners,51.33,catalogue/libertarianism-for-beginners_982/index.html
99,It's Only the Himalayas,45.17,catalogue/its-only-the-himalayas_981/index.html
100,A Light in the ...,51.77,catalogue/a-light-in-the-attic_1000/index.html
101,Tipping the Velvet,53.74,catalogue/tipping-the-velvet_999/index.html
102,Soumission,50.1,catalogue/soumission_998/index.html
103,Sharp Objects,47.82,catalogue/sharp-objects_997/index.html
104,Sapiens: A Brief History ...,54.23,catalogue/sapiens-a-brief-history-of-humankind_996/index.html
105,The Requiem Red,22.65,catalogue/the-requiem-red_995/index.html
106,The Dirty Little Secrets ...,33.34,catalogue/the-dirty-little-secrets-of-getting-your-dream-job_994/index.html
107,The Coming Woman: A ...,17.93,catalogue/the-coming-woman-a-novel-based-on-the-life-of-the-infamous-feminist-victoria-woodhull_993/index.html
108,The Boys in the ...,22.6,catalogue/the-boys-in-the-boat-nine-americans-and-their-epic-quest-for-gold-at-the-1936-berlin-olympics_992/index.html
109,The Black Maria,52.15,catalogue/the-black-maria_991/index.html
110,Starving Hearts (Triangular Trade ...,13.99,catalogue/starving-hearts-triangular-trade-trilogy-1_990/index.html
111,Shakespeare's Sonnets,20.66,catalogue/shakespeares-sonnets_989/index.html
112,Set Me Free,17.46,catalogue/set-me-free_988/index.html
113,Scott Pilgrim's Precious Little ...,52.29,catalogue/scott-pilgrims-precious-little-life-scott-pilgrim-1_987/index.html
114,Rip it Up and ...,35.02,catalogue/rip-it-up-and-start-again_986/index.html
115,Our Band Could Be ...,57.25,catalogue/our-band-could-be-your-life-scenes-from-the-american-indie-underground-1981-1991_985/index.html
116,Olio,23.88,catalogue/olio_984/index.html
117,Mesaerion: The Best Science ...,37.59,catalogue/mesaerion-the-best-science-fiction-stories-1800-1849_983/index.html
118,Libertarianism for Beginners,51.33,catalogue/libertarianism-for-beginners_982/index.html
119,It's Only the Himalayas,45.17,catalogue/its-only-the-himalayas_981/index.html
120,A Light in the ...,51.77,catalogue/a-light-in-the-attic_1000/index.html
121,Tipping the Velvet,53.74,catalogue/tipping-the-velvet_999/index.html
122,Soumission,50.1,catalogue/soumission_998/index.html
123,Sharp Objects,47.82,catalogue/sharp-objects_997/index.html
124,Sapiens: A Brief History ...,54.23,catalogue/sapiens-a-brief-history-of-humankind_996/index.html
125,The Requiem Red,22.65,catalogue/the-requiem-red_995/index.html
126,The Dirty Little Secrets ...,33.34,catalogue/the-dirty-little-secrets-of-getting-your-dream-job_994/index.html
127,The Coming Woman: A ...,17.93,catalogue/the-coming-woman-a-novel-based-on-the-life-of-the-infamous-feminist-victoria-woodhull_993/index.html
128,The Boys in the ...,22.6,catalogue/the-boys-in-the-boat-nine-americans-and-their-epic-quest-for-gold-at-the-1936-berlin-olympics_992/index.html
129,The Black Maria,52.15,catalogue/the-black-maria_991/index.html
130,Starving Hearts (Triangular Trade ...,13.99,catalogue/starving-hearts-triangular-trade-trilogy-1_990/index.html
131,Shakespeare's Sonnets,20.66,catalogue/shakespeares-sonnets_989/index.html
132,Set Me Free,17.46,catalogue/set-me-free_988/index.html
133,Scott Pilgrim's Precious Little ...,52.29,catalogue/scott-pilgrims-precious-little-life-scott-pilgrim-1_987/index.html
134,Rip it Up and ...,35.02,catalogue/rip-it-up-and-start-again_986/index.html
135,Our Band Could Be ...,57.25,catalogue/our-band-could-be-your-life-scenes-from-the-american-indie-underground-1981-1991_985/index.html
136,Olio,23.88,catalogue/olio_984/index.html
137,Mesaerion: The Best Science ...,37.59,catalogue/mesaerion-the-best-science-fiction-stories-1800-1849_983/index.html
138,Libertarianism for Beginners,51.33,catalogue/libertarianism-for-beginners_982/index.html
139,It's Only the Himalayas,45.17,catalogue/its-only-the-himalayas_981/index.html
140,A Light in the ...,51.77,catalogue/a-light-in-the-attic_1000/index.html
141,Tipping the Velvet,53.74,catalogue/tipping-the-velvet_999/index.html
142,Soumission,50.1,catalogue/soumission_998/index.html
143,Sharp Objects,47.82,catalogue/sharp-objects_997/index.html
144,Sapiens: A Brief History ...,54.23,catalogue/sapiens-a-brief-history-of-humankind_996/index.html
145,The Requiem Red,22.65,catalogue/the-requiem-red_995/index.html
146,The Dirty Little Secrets ...,33.34,catalogue/the-dirty-little-secrets-of-getting-your-dream-job_994/index.html
147,The Coming Woman: A ...,17.93,catalogue/the-coming-woman-a-novel-based-on-the-life-of-the-infamous-feminist-victoria-woodhull_993/index.html
148,The Boys in the ...,22.6,catalogue/the-boys-in-the-boat-nine-americans-and-their-epic-quest-for-gold-at-the-1936-berlin-olympics_992/index.html
149,The Black Maria,52.15,catalogue/the-black-maria_991/index.html
150,Starving Hearts (Triangular Trade ...,13.99,catalogue/starving-hearts-triangular-trade-trilogy-1_990/index.html
151,Shakespeare's Sonnets,20.66,catalogue/shakespeares-sonnets_989/index.html
152,Set Me Free,17.46,catalogue/set-me-free_988/index.html
153,Scott Pilgrim's Precious Little ...,52.29,catalogue/scott-pilgrims-precious-little-life-scott-pilgrim-1_987/index.html
154,Rip it Up and ...,35.02,catalogue/rip-it-up-and-start-again_986/index.html
155,Our Band Could Be ...,57.25,catalogue/our-band-could-be-your-life-scenes-from-the-american-indie-underground-1981-1991_985/index.html
156,Olio,23.88,catalogue/olio_984/index.html
157,Mesaerion: The Best Science ...,37.59,catalogue/mesaerion-the-best-science-fiction-stories-1800-1849_983/index.html
158,Libertarianism for Beginners,51.33,catalogue/libertarianism-for-beginners_982/index.html
159,It's Only the Himalayas,45.17,catalogue/its-only-the-himalayas_981/index.html
160,A Light in the ...,51.77,catalogue/a-light-in-the-attic_1000/index.html
161,Tipping the Velvet,53.74,catalogue/tipping-the-velvet_999/index.html
162,Soumission,50.1,catalogue/soumission_998/index.html
163,Sharp Objects,47.82,catalogue/sharp-objects_997/index.html
164,Sapiens: A Brief History ...,54.23,catalogue/sapiens-a-brief-history-of-humankind_996/index.html
165,The Requiem Red,22.65,catalogue/the-requiem-red_995/index.html
166,The Dirty Little Secrets ...,33.34,catalogue/the-dirty-little-secrets-of-getting-your-dream-job_994/index.html
167,The Coming Woman: A ...,17.93,catalogue/the-coming-woman-a-novel-based-on-the-life-of-the-infamous-feminist-victoria-woodhull_993/index.html
168,The Boys in the ...,22.6,catalogue/the-boys-in-the-boat-nine-americans-and-their-epic-quest-for-gold-at-the-1936-berlin-olympics_992/index.html
169,The Black Maria,52.15,catalogue/the-black-maria_991/index.html
170,Starving Hearts (Triangular Trade ...,13.99,catalogue/starving-hearts-triangular-trade-trilogy-1_990/index.html
171,Shakespeare's Sonnets,20.66,catalogue/shakespeares-sonnets_989/index.html
172,Set Me Free,17.46,catalogue/set-me-free_988/index.html
173,Scott Pilgrim's Precious Little ...,52.29,catalogue/scott-pilgrims-precious-little-life-scott-pilgrim-1_987/index.html
174,Rip it Up and ...,35.02,catalogue/rip-it-up-and-start-again_986/index.html
175,Our Band Could Be ...,57.25,catalogue/our-band-could-be-your-life-scenes-from-the-american-indie-underground-1981-1991_985/index.html
176,Olio,23.88,catalogue/olio_984/index.html
177,Mesaerion: The Best Science ...,37.59,catalogue/mesaerion-the-best-science-fiction-stories-1800-1849_983/index.html
178,Libertarianism for Beginners,51.33,catalogue/libertarianism-for-beginners_982/index.html
179,It's Only the Himalayas,45.17,catalogue/its-only-the-himalayas_981/index.html
180,A Light in the ...,51.77,catalogue/a-light-in-the-attic_1000/index.html
181,Tipping the Velvet,53.74,catalogue/tipping-the-velvet_999/index.html
182,Soumission,50.1,catalogue/soumission_998/index.html
183,Sharp Objects,47.82,catalogue/sharp-objects_997/index.html
184,Sapiens: A Brief History ...,54.23,catalogue/sapiens-a-brief-history-of-humankind_996/index.html
185,The Requiem Red,22.65,catalogue/the-requiem-red_995/index.html
186,The Dirty Little Secrets ...,33.34,catalogue/the-dirty-little-secrets-of-getting-your-dream-job_994/index.html
187,The Coming Woman: A ...,17.93,catalogue/the-coming-woman-a-novel-based-on-the-life-of-the-infamous-feminist-victoria-woodhull_993/index.html
188,The Boys in the ...,22.6,catalogue/the-boys-in-the-boat-nine-americans-and-their-epic-quest-for-gold-at-the-1936-berlin-olympics_992/index.html
189,The Black Maria,52.15,catalogue/the-black-maria_991/index.html
190,Starving Hearts (Triangular Trade ...,13.99,catalogue/starving-hearts-triangular-trade-trilogy-1_990/index.html
191,Shakespeare's Sonnets,20.66,catalogue/shakespeares-sonnets_989/index.html
192,Set Me Free,17.46,catalogue/set-me-free_988/index.html
193,Scott Pilgrim's Precious Little ...,52.29,catalogue/scott-pilgrims-precious-little-life-scott-pilgrim-1_987/index.html
194,Rip it Up and ...,35.02,catalogue/rip-it-up-and-start-again_986/index.html
195,Our Band Could Be ...,57.25,catalogue/our-band-could-be-your-life-scenes-from-the-american-indie-underground-1981-1991_985/index.html
196,Olio,23.88,catalogue/olio_984/index.html
197,Mesaerion: The Best Science ...,37.59,catalogue/mesaerion-the-best-science-fiction-stories-1800-1849_983/index.html
198,Libertarianism for Beginners,51.33,catalogue/libertarianism-for-beginners_982/index.html
199,It's Only the Himalayas,45.17,catalogue/its-only-the-himalayas_981/index.html
200,A Light in the ...,51.77,catalogue/a-light-in-the-attic_1000/index.html
201,Tipping the Velvet,53.74,catalogue/tipping-the-velvet_999/index.html
202,Soumission,50.1,catalogue/soumission_998/index.html
203,Sharp Objects,47.82,catalogue/sharp-objects_997/index.html
204,Sapiens: A Brief History ...,54.23,catalogue/sapiens-a-brief-history-of-humankind_996/index.html
205,The Requiem Red,22.65,catalogue/the-requiem-red_995/index.html
206,The Dirty Little Secrets ...,33.34,catalogue/the-dirty-little-secrets-of-getting-your-dream-job_994/index.html
207,The Coming Woman: A ...,17.93,catalogue/the-coming-woman-a-novel-based-on-the-life-of-the-infamous-feminist-victoria-woodhull_993/index.html
208,The Boys in the ...,22.6,catalogue/the-boys-in-the-boat-nine-americans-and-their-epic-quest-for-gold-at-the-1936-berlin-olympics_992/index.html
209,The Black Maria,52.15,catalogue/the-black-maria_991/index.html
210,Starving Hearts (Triangular Trade ...,13.99,catalogue/starving-hearts-triangular-trade-trilogy-1_990/index.html
211,Shakespeare's Sonnets,20.66,catalogue/shakespeares-sonnets_989/index.html
212,Set Me Free,17.46,catalogue/set-me-free_988/index.html
213,Scott Pilgrim's Precious Little ...,52.29,catalogue/scott-pilgrims-precious-little-life-scott-pilgrim-1_987/index.html
214,Rip it Up and ...,35.02,catalogue/rip-it-up-and-start-again_986/index.html
215,Our Band Could Be ...,57.25,catalogue/our-band-could-be-your-life-scenes-from-the-american-indie-underground-1981-1991_985/index.html
216,Olio,23.88,catalogue/olio_984/index.html
217,Mesaerion: The Best Science ...,37.59,catalogue/mesaerion-the-best-science-fiction-stories-1800-1849_983/index.html
218,Libertarianism for Beginners,51.33,catalogue/libertarianism-for-beginners_982/index.html
219,It's Only the Himalayas,45.17,catalogue/its-only-the-himalayas_981/index.html
220,A Light in the ...,51.77,catalogue/a-light-in-the-attic_1000/index.html
221,Tipping the Velvet,53.74,catalogue/tipping-the-velvet_999/index.html
222,Soumission,50.1,catalogue/soumission_998/index.html
223,Sharp Objects,47.82,catalogue/sharp-objects_997/index.html
224,Sapiens: A Brief History ...,54.23,catalogue/sapiens-a-brief-history-of-humankind_996/index.html
225,The Requiem Red,22.65,catalogue/the-requiem-red_995/index.html
226,The Dirty Little Secrets ...,33.34,catalogue/the-dirty-little-secrets-of-getting-your-dream-job_994/index.html
227,The Coming Woman: A ...,17.93,catalogue/the-coming-woman-a-novel-based-on-the-life-of-the-infamous-feminist-victoria-woodhull_993/index.html
228,The Boys in the ...,22.6,catalogue/the-boys-in-the-boat-nine-americans-and-their-epic-quest-for-gold-at-the-1936-berlin-olympics_992/index.html
229,The Black Maria,52.15,catalogue/the-black-maria_991/index.html
230,Starving Hearts (Triangular Trade ...,13.99,catalogue/starving-hearts-triangular-trade-trilogy-1_990/index.html
231,Shakespeare's Sonnets,20.66,catalogue/shakespeares-sonnets_989/index.html
232,Set Me Free,17.46,catalogue/set-me-free_988/index.html
233,Scott Pilgrim's Precious Little ...,52.29,catalogue/scott-pilgrims-precious-little-life-scott-pilgrim-1_987/index.html
234,Rip it Up and ...,35.02,catalogue/rip-it-up-and-start-again_986/index.html
235,Our Band Could Be ...,57.25,catalogue/our-band-could-be-your-life-scenes-from-the-american-indie-underground-1981-1991_985/index.html
236,Olio,23.88,catalogue/olio_984/index.html
237,Mesaerion: The Best Science ...,37.59,catalogue/mesaerion-the-best-science-fiction-stories-1800-1849_983/index.html
238,Libertarianism for Beginners,51.33,catalogue/libertarianism-for-beginners_982/index.html
239,It's Only the Himalayas,45.17,catalogue/its-only-the-himalayas_981/index.html
240,A Light in the ...,51.77,catalogue/a-light-in-the-attic_1000/index.html
241,Tipping the Velvet,53.74,catalogue/tipping-the-velvet_999/index.html
242,Soumission,50.1,catalogue/soumission_998/index.html
243,Sharp Objects,47.82,catalogue/sharp-objects_997/index.html
244,Sapiens: A Brief History ...,54.23,catalogue/sapiens-a-brief-history-of-humankind_996/index.html
245,The Requiem Red,22.65,catalogue/the-requiem-red_995/index.html
246,The Dirty Little Secrets ...,33.34,catalogue/the-dirty-little-secrets-of-getting-your-dream-job_994/index.html
247,The Coming Woman: A ...,17.93,catalogue/the-coming-woman-a-novel-based-on-the-life-of-the-infamous-feminist-victoria-woodhull_993/index.html
248,The Boys in the ...,22.6,catalogue/the-boys-in-the-boat-nine-americans-and-their-epic-quest-for-gold-at-the-1936-berlin-olympics_992/index.html
249,The Black Maria,52.15,catalogue/the-black-maria_991/index.html
250,Starving Hearts (Triangular Trade ...,13.99,catalogue/starving-hearts-triangular-trade-trilogy-1_990/index.html
251,Shakespeare's Sonnets,20.66,catalogue/shakespeares-sonnets_989/index.html
252,Set Me Free,17.46,catalogue/set-me-free_988/index.html
253,Scott Pilgrim's Precious Little ...,52.29,catalogue/scott-pilgrims-precious-little-life-scott-pilgrim-1_987/index.html
254,Rip it Up and ...,35.02,catalogue/rip-it-up-and-start-again_986/index.html
255,Our Band Could Be ...,57.25,catalogue/our-band-could-be-your-life-scenes-from-the-american-indie-underground-1981-1991_985/index.html
256,Olio,23.88,catalogue/olio_984/index.html
257,Mesaerion: The Best Science ...,37.59,catalogue/mesaerion-the-best-science-fiction-stories-1800-1849_983/index.html
258,Libertarianism for Beginners,51.33,catalogue/libertarianism-for-beginners_982/index.html
259,It's Only the Himalayas,45.17,catalogue/its-only-the-himalayas_981/index.html
260,A Light in the ...,51.77,catalogue/a-light-in-the-attic_1000/index.html
261,Tipping the Velvet,53.74,catalogue/tipping-the-velvet_999/index.html
262,Soumission,50.1,catalogue/soumission_998/index.html
263,Sharp Objects,47.82,catalogue/sharp-objects_997/index.html
264,Sapiens: A Brief History ...,54.23,catalogue/sapiens-a-brief-history-of-humankind_996/index.html
265,The Requiem Red,22.65,catalogue/the-requiem-red_995/index.html
266,The Dirty Little Secrets ...,33.34,catalogue/the-dirty-little-secrets-of-getting-your-dream-job_994/index.html
267,The Coming Woman: A ...,17.93,catalogue/the-coming-woman-a-novel-based-on-the-life-of-the-infamous-feminist-victoria-woodhull_993/index.html
268,The Boys in the ...,22.6,catalogue/the-boys-in-the-boat-nine-americans-and-their-epic-quest-for-gold-at-the-1936-berlin-olympics_992/index.html
269,The Black Maria,52.15,catalogue/the-black-maria_991/index.html
270,Starving Hearts (Triangular Trade ...,13.99,catalogue/starving-hearts-triangular-trade-trilogy-1_990/index.html
271,Shakespeare's Sonnets,20.66,catalogue/shakespeares-sonnets_989/index.html
272,Set Me Free,17.46,catalogue/set-me-free_988/index.html
273,Scott Pilgrim's Precious Little ...,52.29,catalogue/scott-pilgrims-precious-little-life-scott-pilgrim-1_987/index.html
274,Rip it Up and ...,35.02,catalogue/rip-it-up-and-start-again_986/index.html
275,Our Band Could Be ...,57.25,catalogue/our-band-could-be-your-life-scenes-from-the-american-indie-underground-1981-1991_985/index.html
276,Olio,23.88,catalogue/olio_984/index.html
277,Mesaerion: The Best Science ...,37.59,catalogue/mesaerion-the-best-science-fiction-stories-1800-1849_983/index.html
278,Libertarianism for Beginners,51.33,catalogue/libertarianism-for-beginners_982/index.html
279,It's Only the Himalayas,45.17,catalogue/its-only-the-himalayas_981/index.html
280,A Light in the ...,51.77,catalogue/a-light-in-the-attic_1000/index.html
281,Tipping the Velvet,53.74,catalogue/tipping-the-velvet_999/index.html
282,Soumission,50.1,catalogue/soumission_998/index.html
283,Sharp Objects,47.82,catalogue/sharp-objects_997/index.html
284,Sapiens: A Brief History ...,54.23,catalogue/sapiens-a-brief-history-of-humankind_996/index.html
285,The Requiem Red,22.65,catalogue/the-requiem-red_995/index.html
286,The Dirty Little Secrets ...,33.34,catalogue/the-dirty-little-secrets-of-getting-your-dream-job_994/index.html
287,The Coming Woman: A ...,17.93,catalogue/the-coming-woman-a-novel-based-on-the-life-of-the-infamous-feminist-victoria-woodhull_993/index.html
288,The Boys in the ...,22.6,catalogue/the-boys-in-the-boat-nine-americans-and-their-epic-quest-for-gold-at-the-1936-berlin-olympics_992/index.html
289,The Black Maria,52.15,catalogue/the-black-maria_991/index.html
290,Starving Hearts (Triangular Trade ...,13.99,catalogue/starving-hearts-triangular-trade-trilogy-1_990/index.html
291,Shakespeare's Sonnets,20.66,catalogue/shakespeares-sonnets_989/index.html
292,Set Me Free,17.46,catalogue/set-me-free_988/index.html
293,Scott Pilgrim's Precious Little ...,52.29,catalogue/scott-pilgrims-precious-little-life-scott-pilgrim-1_987/index.html
294,Rip it Up and ...,35.02,catalogue/rip-it-up-and-start-again_986/index.html
295,Our Band Could Be ...,57.25,catalogue/our-band-could-be-your-life-scenes-from-the-american-indie-underground-1981-1991_985/index.html
296,Olio,23.88,catalogue/olio_984/index.html
297,Mesaerion: The Best Science ...,37.59,catalogue/mesaerion-the-best-science-fiction-stories-1800-1849_983/index.html
298,Libertarianism for Beginners,51.33,catalogue/libertarianism-for-beginners_982/index.html
299,It's Only the Himalayas,45.17,catalogue/its-only-the-himalayas_981/index.html
300,A Light in the ...,51.77,catalogue/a-light-in-the-attic_1000/index.html
301,Tipping the Velvet,53.74,catalogue/tipping-the-velvet_999/index.html
302,Soumission,50.1,catalogue/soumission_998/index.html
303,Sharp Objects,47.82,catalogue/sharp-objects_997/index.html
304,Sapiens: A Brief History ...,54.23,catalogue/sapiens-a-brief-history-of-humankind_996/index.html
305,The Requiem Red,22.65,catalogue/the-requiem-red_995/index.html
306,The Dirty Little Secrets ...,33.34,catalogue/the-dirty-little-secrets-of-getting-your-dream-job_994/index.html
307,The Coming Woman: A ...,17.93,catalogue/the-coming-woman-a-novel-based-on-the-life-of-the-infamous-feminist-victoria-woodhull_993/index.html
308,The Boys in the ...,22.6,catalogue/the-boys-in-the-boat-nine-americans-and-their-epic-quest-for-gold-at-the-1936-berlin-olympics_992/index.html
309,The Black Maria,52.15,catalogue/the-black-maria_991/index.html
310,Starving Hearts (Triangular Trade ...,13.99,catalogue/starving-hearts-triangular-trade-trilogy-1_990/index.html
311,Shakespeare's Sonnets,20.66,catalogue/shakespeares-sonnets_989/index.html
312,Set Me Free,17.46,catalogue/set-me-free_988/index.html
313,Scott Pilgrim's Precious Little ...,52.29,catalogue/scott-pilgrims-precious-little-life-scott-pilgrim-1_987/index.html
314,Rip it Up and ...,35.02,catalogue/rip-it-up-and-start-again_986/index.html
315,Our Band Could Be ...,57.25,catalogue/our-band-could-be-your-life-scenes-from-the-american-indie-underground-1981-1991_985/index.html
316,Olio,23.88,catalogue/olio_984/index.html
317,Mesaerion: The Best Science ...,37.59,catalogue/mesaerion-the-best-science-fiction-stories-1800-1849_983/index.html
318,Libertarianism for Beginners,51.33,catalogue/libertarianism-for-beginners_982/index.html
319,It's Only the Himalayas,45.17,catalogue/its-only-the-himalayas_981/index.html
320,A Light in the ...,51.77,catalogue/a-light-in-the-attic_1000/index.html
321,Tipping the Velvet,53.74,catalogue/tipping-the-velvet_999/index.html
322,Soumission,50.1,catalogue/soumission_998/index.html
323,Sharp Objects,47.82,catalogue/sharp-objects_997/index.html
324,Sapiens: A Brief History ...,54.23,catalogue/sapiens-a-brief-history-of-humankind_996/index.html
325,The Requiem Red,22.65,catalogue/the-requiem-red_995/index.html
326,The Dirty Little Secrets ...,33.34,catalogue/the-dirty-little-secrets-of-getting-your-dream-job_994/index.html
327,The Coming Woman: A ...,17.93,catalogue/the-coming-woman-a-novel-based-on-the-life-of-the-infamous-feminist-victoria-woodhull_993/index.html
328,The Boys in the ...,22.6,catalogue/the-boys-in-the-boat-nine-americans-and-their-epic-quest-for-gold-at-the-1936-berlin-olympics_992/index.html
329,The Black Maria,52.15,catalogue/the-black-maria_991/index.html
330,Starving Hearts (Triangular Trade ...,13.99,catalogue/starving-hearts-triangular-trade-trilogy-1_990/index.html
331,Shakespeare's Sonnets,20.66,catalogue/shakespeares-sonnets_989/index.html
332,Set Me Free,17.46,catalogue/set-me-free_988/index.html
333,Scott Pilgrim's Precious Little ...,52.29,catalogue/scott-pilgrims-precious-little-life-scott-pilgrim-1_987/index.html
334,Rip it Up and ...,35.02,catalogue/rip-it-up-and-start-again_986/index.html
335,Our Band Could Be ...,57.25,catalogue/our-band-could-be-your-life-scenes-from-the-american-indie-underground-1981-1991_985/index.html
336,Olio,23.88,catalogue/olio_984/index.html
337,Mesaerion: The Best Science ...,37.59,catalogue/mesaerion-the-best-science-fiction-stories-1800-1849_983/index.html
338,Libertarianism for Beginners,51.33,catalogue/libertarianism-for-beginners_982/index.html
339,It's Only the Himalayas,45.17,catalogue/its-only-the-himalayas_981/index.html
340,A Light in the ...,51.77,catalogue/a-light-in-the-attic_1000/index.html
341,Tipping the Velvet,53.74,catalogue/tipping-the-velvet_999/index.html
342,Soumission,50.1,catalogue/soumission_998/index.html
343,Sharp Objects,47.82,catalogue/sharp-objects_997/index.html
344,Sapiens: A Brief History ...,54.23,catalogue/sapiens-a-brief-history-of-humankind_996/index.html
345,The Requiem Red,22.65,catalogue/the-requiem-red_995/index.html
346,The Dirty Little Secrets ...,33.34,catalogue/the-dirty-little-secrets-of-getting-your-dream-job_994/index.html
347,The Coming Woman: A ...,17.93,catalogue/the-coming-woman-a-novel-based-on-the-life-of-the-infamous-feminist-victoria-woodhull_993/index.html
348,The Boys in the ...,22.6,catalogue/the-boys-in-the-boat-nine-americans-and-their-epic-quest-for-gold-at-the-1936-berlin-olympics_992/index.html
349,The Black Maria,52.15,catalogue/the-black-maria_991/index.html
350,Starving Hearts (Triangular Trade ...,13.99,catalogue/starving-hearts-triangular-trade-trilogy-1_990/index.html
351,Shakespeare's Sonnets,20.66,catalogue/shakespeares-sonnets_989/index.html
352,Set Me Free,17.46,catalogue/set-me-free_988/index.html
353,Scott Pilgrim's Precious Little ...,52.29,catalogue/scott-pilgrims-precious-little-life-scott-pilgrim-1_987/index.html
354,Rip it Up and ...,35.02,catalogue/rip-it-up-and-start-again_986/index.html
355,Our Band Could Be ...,57.25,catalogue/our-band-could-be-your-life-scenes-from-the-american-indie-underground-1981-1991_985/index.html
356,Olio,23.88,catalogue/olio_984/index.html
357,Mesaerion: The Best Science ...,37.59,catalogue/mesaerion-the-best-science-fiction-stories-1800-1849_983/index.html
358,Libertarianism for Beginners,51.33,catalogue/libertarianism-for-beginners_982/index.html
359,It's Only the Himalayas,45.17,catalogue/its-only-the-himalayas_981/index.html
360,A Light in the ...,51.77,catalogue/a-light-in-the-attic_1000/index.html
361,Tipping the Velvet,53.74,catalogue/tipping-the-velvet_999/index.html
362,Soumission,50.1,catalogue/soumission_998/index.html
363,Sharp Objects,47.82,catalogue/sharp-objects_997/index.html
364,Sapiens: A Brief History ...,54.23,catalogue/sapiens-a-brief-history-of-humankind_996/index.html
365,The Requiem Red,22.65,catalogue/the-requiem-red_995/index.html
366,The Dirty Little Secrets ...,33.34,catalogue/the-dirty-little-secrets-of-getting-your-dream-job_994/index.html
367,The Coming Woman: A ...,17.93,catalogue/the-coming-woman-a-novel-based-on-the-life-of-the-infamous-feminist-victoria-woodhull_993/index.html
368,The Boys in the ...,22.6,catalogue/the-boys-in-the-boat-nine-americans-and-their-epic-quest-for-gold-at-the-1936-berlin-olympics_992/index.html
369,The Black Maria,52.15,catalogue/the-black-maria_991/index.html
370,Starving Hearts (Triangular Trade ...,13.99,catalogue/starving-hearts-triangular-trade-trilogy-1_990/index.html
371,Shakespeare's Sonnets,20.66,catalogue/shakespeares-sonnets_989/index.html
372,Set Me Free,17.46,catalogue/set-me-free_988/index.html
373,Scott Pilgrim's Precious Little ...,52.29,catalogue/scott-pilgrims-precious-little-life-scott-pilgrim-1_987/index.html
374,Rip it Up and ...,35.02,catalogue/rip-it-up-and-start-again_986/index.html
375,Our Band Could Be ...,57.25,catalogue/our-band-could-be-your-life-scenes-from-the-american-indie-underground-1981-1991_985/index.html
376,Olio,23.88,catalogue/olio_984/index.html
377,Mesaerion: The Best Science ...,37.59,catalogue/mesaerion-the-best-science-fiction-stories-1800-1849_983/index.html
378,Libertarianism for Beginners,51.33,catalogue/libertarianism-for-beginners_982/index.html
379,It's Only the Himalayas,45.17,catalogue/its-only-the-himalayas_981/index.html
380,A Light in the ...,51.77,catalogue/a-light-in-the-attic_1000/index.html
381,Tipping the Velvet,53.74,catalogue/tipping-the-velvet_999/index.html
382,Soumission,50.1,catalogue/soumission_998/index.html
383,Sharp Objects,47.82,catalogue/sharp-objects_997/index.html
384,Sapiens: A Brief History ...,54.23,catalogue/sapiens-a-brief-history-of-humankind_996/index.html
385,The Requiem Red,22.65,catalogue/the-requiem-red_995/index.html
386,The Dirty Little Secrets ...,33.34,catalogue/the-dirty-little-secrets-of-getting-your-dream-job_994/index.html
387,The Coming Woman: A ...,17.93,catalogue/the-coming-woman-a-novel-based-on-the-life-of-the-infamous-feminist-victoria-woodhull_993/index.html
388,The Boys in the ...,22.6,catalogue/the-boys-in-the-boat-nine-americans-and-their-epic-quest-for-gold-at-the-1936-berlin-olympics_992/index.html
389,The Black Maria,52.15,catalogue/the-black-maria_991/index.html
390,Starving Hearts (Triangular Trade ...,13.99,catalogue/starving-hearts-triangular-trade-trilogy-1_990/index.html
391,Shakespeare's Sonnets,20.66,catalogue/shakespeares-sonnets_989/index.html
392,Set Me Free,17.46,catalogue/set-me-free_988/index.html
393,Scott Pilgrim's Precious Little ...,52.29,catalogue/scott-pilgrims-precious-little-life-scott-pilgrim-1_987/index.html
394,Rip it Up and ...,35.02,catalogue/rip-it-up-and-start-again_986/index.html
395,Our Band Could Be ...,57.25,catalogue/our-band-could-be-your-life-scenes-from-the-american-indie-underground-1981-1991_985/index.html
396,Olio,23.88,catalogue/olio_984/index.html
397,Mesaerion: The Best Science ...,37.59,catalogue/mesaerion-the-best-science-fiction-stories-1800-1849_983/index.html
398,Libertarianism for Beginners,51.33,catalogue/libertarianism-for-beginners_982/index.html
399,It's Only the Himalayas,45.17,catalogue/its-only-the-himalayas_981/index.html
400,A Light in the ...,51.77,catalogue/a-light-in-the-attic_1000/index.html
401,Tipping the Velvet,53.74,catalogue/tipping-the-velvet_999/index.html
402,Soumission,50.1,catalogue/soumission_998/index.html
403,Sharp Objects,47.82,catalogue/sharp-objects_997/index.html
404,Sapiens: A Brief History ...,54.23,catalogue/sapiens-a-brief-history-of-humankind_996/index.html
405,The Requiem Red,22.65,catalogue/the-requiem-red_995/index.html
406,The Dirty Little Secrets ...,33.34,catalogue/the-dirty-little-secrets-of-getting-your-dream-job_994/index.html
407,The Coming Woman: A ...,17.93,catalogue/the-coming-woman-a-novel-based-on-the-life-of-the-infamous-feminist-victoria-woodhull_993/index.html
408,The Boys in the ...,22.6,catalogue/the-boys-in-the-boat-nine-americans-and-their-epic-quest-for-gold-at-the-1936-berlin-olympics_992/index.html
409,The Black Maria,52.15,catalogue/the-black-maria_991/index.html
410,Starving Hearts (Triangular Trade ...,13.99,catalogue/starving-hearts-triangular-trade-trilogy-1_990/index.html
411,Shakespeare's Sonnets,20.66,catalogue/shakespeares-sonnets_989/index.html
412,Set Me Free,17.46,catalogue/set-me-free_988/index.html
413,Scott Pilgrim's Precious Little ...,52.29,catalogue/scott-pilgrims-precious-little-life-scott-pilgrim-1_987/index.html
414,Rip it Up and ...,35.02,catalogue/rip-it-up-and-start-again_986/index.html
415,Our Band Could Be ...,57.25,catalogue/our-band-could-be-your-life-scenes-from-the-american-indie-underground-1981-1991_985/index.html
416,Olio,23.88,catalogue/olio_984/index.html
417,Mesaerion: The Best Science ...,37.59,catalogue/mesaerion-the-best-science-fiction-stories-1800-1849_983/index.html
418,Libertarianism for Beginners,51.33,catalogue/libertarianism-for-beginners_982/index.html
419,It's Only the Himalayas,45.17,catalogue/its-only-the-himalayas_981/index.html
420,A Light in the ...,51.77,catalogue/a-light-in-the-attic_1000/index.html
421,Tipping the Velvet,53.74,catalogue/tipping-the-velvet_999/index.html
422,Soumission,50.1,catalogue/soumission_998/index.html
423,Sharp Objects,47.82,catalogue/sharp-objects_997/index.html
424,Sapiens: A Brief History ...,54.23,catalogue/sapiens-a-brief-history-of-humankind_996/index.html
425,The Requiem Red,22.65,catalogue/the-requiem-red_995/index.html
426,The Dirty Little Secrets ...,33.34,catalogue/the-dirty-little-secrets-of-getting-your-dream-job_994/index.html
427,The Coming Woman: A ...,17.93,catalogue/the-coming-woman-a-novel-based-on-the-life-of-the-infamous-feminist-victoria-woodhull_993/index.html
428,The Boys in the ...,22.6,catalogue/the-boys-in-the-boat-nine-americans-and-their-epic-quest-for-gold-at-the-1936-berlin-olympics_992/index.html
429,The Black Maria,52.15,catalogue/the-black-maria_991/index.html
430,Starving Hearts (Triangular Trade ...,13.99,catalogue/starving-hearts-triangular-trade-trilogy-1_990/index.html
431,Shakespeare's Sonnets,20.66,catalogue/shakespeares-sonnets_989/index.html
432,Set Me Free,17.46,catalogue/set-me-free_988/index.html
433,Scott Pilgrim's Precious Little ...,52.29,catalogue/scott-pilgrims-precious-little-life-scott-pilgrim-1_987/index.html
434,Rip it Up and ...,35.02,catalogue/rip-it-up-and-start-again_986/index.html
435,Our Band Could Be ...,57.25,catalogue/our-band-could-be-your-life-scenes-from-the-american-indie-underground-1981-1991_985/index.html
436,Olio,23.88,catalogue/olio_984/index.html
437,Mesaerion: The Best Science ...,37.59,catalogue/mesaerion-the-best-science-fiction-stories-1800-1849_983/index.html
438,Libertarianism for Beginners,51.33,catalogue/libertarianism-for-beginners_982/index.html
439,It's Only the Himalayas,45.17,catalogue/its-only-the-himalayas_981/index.html
440,A Light in the ...,51.77,catalogue/a-light-in-the-attic_1000/index.html
441,Tipping the Velvet,53.74,catalogue/tipping-the-velvet_999/index.html
442,Soumission,50.1,catalogue/soumission_998/index.html
443,Sharp Objects,47.82,catalogue/sharp-objects_997/index.html
444,Sapiens: A Brief History ...,54.23,catalogue/sapiens-a-brief-history-of-humankind_996/index.html
445,The Requiem Red,22.65,catalogue/the-requiem-red_995/index.html
446,The Dirty Little Secrets ...,33.34,catalogue/the-dirty-little-secrets-of-getting-your-dream-job_994/index.html
447,The Coming Woman: A ...,17.93,catalogue/the-coming-woman-a-novel-based-on-the-life-of-the-infamous-feminist-victoria-woodhull_993/index.html
448,The Boys in the ...,22.6,catalogue/the-boys-in-the-boat-nine-americans-and-their-epic-quest-for-gold-at-the-1936-berlin-olympics_992/index.html
449,The Black Maria,52.15,catalogue/the-black-maria_991/index.html
450,Starving Hearts (Triangular Trade ...,13.99,catalogue/starving-hearts-triangular-trade-trilogy-1_990/index.html
451,Shakespeare's Sonnets,20.66,catalogue/shakespeares-sonnets_989/index.html
452,Set Me Free,17.46,catalogue/set-me-free_988/index.html
453,Scott Pilgrim's Precious Little ...,52.29,catalogue/scott-pilgrims-precious-little-life-scott-pilgrim-1_987/index.html
454,Rip it Up and ...,35.02,catalogue/rip-it-up-and-start-again_986/index.html
455,Our Band Could Be ...,57.25,catalogue/our-band-could-be-your-life-scenes-from-the-american-indie-underground-1981-1991_985/index.html
456,Olio,23.88,catalogue/olio_984/index.html
457,Mesaerion: The Best Science ...,37.59,catalogue/mesaerion-the-best-science-fiction-stories-1800-1849_983/index.html
458,Libertarianism for Beginners,51.33,catalogue/libertarianism-for-beginners_982/index.html
459,It's Only the Himalayas,45.17,catalogue/its-only-the-himalayas_981/index.html
460,A Light in the ...,51.77,catalogue/a-light-in-the-attic_1000/index.html
461,Tipping the Velvet,53.74,catalogue/tipping-the-velvet_999/index.html
462,Soumission,50.1,catalogue/soumission_998/index.html
463,Sharp Objects,47.82,catalogue/sharp-objects_997/index.html
464,Sapiens: A Brief History ...,54.23,catalogue/sapiens-a-brief-history-of-humankind_996/index.html
465,The Requiem Red,22.65,catalogue/the-requiem-red_995/index.html
466,The Dirty Little Secrets ...,33.34,catalogue/the-dirty-little-secrets-of-getting-your-dream-job_994/index.html
467,The Coming Woman: A ...,17.93,catalogue/the-coming-woman-a-novel-based-on-the-life-of-the-infamous-feminist-victoria-woodhull_993/index.html
468,The Boys in the ...,22.6,catalogue/the-boys-in-the-boat-nine-americans-and-their-epic-quest-for-gold-at-the-1936-berlin-olympics_992/index.html
469,The Black Maria,52.15,catalogue/the-black-maria_991/index.html
470,Starving Hearts (Triangular Trade ...,13.99,catalogue/starving-hearts-triangular-trade-trilogy-1_990/index.html
471,Shakespeare's Sonnets,20.66,catalogue/shakespeares-sonnets_989/index.html
472,Set Me Free,17.46,catalogue/set-me-free_988/index.html
473,Scott Pilgrim's Precious Little ...,52.29,catalogue/scott-pilgrims-precious-little-life-scott-pilgrim-1_987/index.html
474,Rip it Up and ...,35.02,catalogue/rip-it-up-and-start-again_986/index.html
475,Our Band Could Be ...,57.25,catalogue/our-band-could-be-your-life-scenes-from-the-american-indie-underground-1981-1991_985/index.html
476,Olio,23.88,catalogue/olio_984/index.html
477,Mesaerion: The Best Science ...,37.59,catalogue/mesaerion-the-best-science-fiction-stories-1800-1849_983/index.html
478,Libertarianism for Beginners,51.33,catalogue/libertarianism-for-beginners_982/index.html
479,It's Only the Himalayas,45.17,catalogue/its-only-the-himalayas_981/index.html
480,A Light in the ...,51.77,catalogue/a-light-in-the-attic_1000/index.html
481,Tipping the Velvet,53.74,catalogue/tipping-the-velvet_999/index.html
482,Soumission,50.1,catalogue/soumission_998/index.html
483,Sharp Objects,47.82,catalogue/sharp-objects_997/index.html
484,Sapiens: A Brief History ...,54.23,catalogue/sapiens-a-brief-history-of-humankind_996/index.html
485,The Requiem Red,22.65,catalogue/the-requiem-red_995/index.html
486,The Dirty Little Secrets ...,33.34,catalogue/the-dirty-little-secrets-of-getting-your-dream-job_994/index.html
487,The Coming Woman: A ...,17.93,catalogue/the-coming-woman-a-novel-based-on-the-life-of-the-infamous-feminist-victoria-woodhull_993/index.html
488,The Boys in the ...,22.6,catalogue/the-boys-in-the-boat-nine-americans-and-their-epic-quest-for-gold-at-the-1936-berlin-olympics_992/index.html
489,The Black Maria,52.15,catalogue/the-black-maria_991/index.html
490,Starving Hearts (Triangular Trade ...,13.99,catalogue/starving-hearts-triangular-trade-trilogy-1_990/index.html
491,Shakespeare's Sonnets,20.66,catalogue/shakespeares-sonnets_989/index.html
492,Set Me Free,17.46,catalogue/set-me-free_988/index.html
493,Scott Pilgrim's Precious Little ...,52.29,catalogue/scott-pilgrims-precious-little-life-scott-pilgrim-1_987/index.html
494,Rip it Up and ...,35.02,catalogue/rip-it-up-and-start-again_986/index.html
495,Our Band Could Be ...,57.25,catalogue/our-band-could-be-your-life-scenes-from-the-american-indie-underground-1981-1991_985/index.html
496,Olio,23.88,catalogue/olio_984/index.html
497,Mesaerion: The Best Science ...,37.59,catalogue/mesaerion-the-best-science-fiction-stories-1800-1849_983/index.html
498,Libertarianism for Beginners,51.33,catalogue/libertarianism-for-beginners_982/index.html
499,It's Only the Himalayas,45.17,catalogue/its-only-the-himalayas_981/index.html
500,A Light in the ...,51.77,catalogue/a-light-in-the-attic_1000/index.html
501,Tipping the Velvet,53.74,catalogue/tipping-the-velvet_999/index.html
502,Soumission,50.1,catalogue/soumission_998/index.html
503,Sharp Objects,47.82,catalogue/sharp-objects_997/index.html
504,Sapiens: A Brief History ...,54.23,catalogue/sapiens-a-brief-history-of-humankind_996/index.html
505,The Requiem Red,22.65,catalogue/the-requiem-red_995/index.html
506,The Dirty Little Secrets ...,33.34,catalogue/the-dirty-little-secrets-of-getting-your-dream-job_994/index.html
507,The Coming Woman: A ...,17.93,catalogue/the-coming-woman-a-novel-based-on-the-life-of-the-infamous-feminist-victoria-woodhull_993/index.html
508,The Boys in the ...,22.6,catalogue/the-boys-in-the-boat-nine-americans-and-their-epic-quest-for-gold-at-the-1936-berlin-olympics_992/index.html
509,The Black Maria,52.15,catalogue/the-black-maria_991/index.html
510,Starving Hearts (Triangular Trade ...,13.99,catalogue/starving-hearts-triangular-trade-trilogy-1_990/index.html
511,Shakespeare's Sonnets,20.66,catalogue/shakespeares-sonnets_989/index.html
512,Set Me Free,17.46,catalogue/set-me-free_988/index.html
513,Scott Pilgrim's Precious Little ...,52.29,catalogue/scott-pilgrims-precious-little-life-scott-pilgrim-1_987/index.html
514,Rip it Up and ...,35.02,catalogue/rip-it-up-and-start-again_986/index.html
515,Our Band Could Be ...,57.25,catalogue/our-band-could-be-your-life-scenes-from-the-american-indie-underground-1981-1991_985/index.html
516,Olio,23.88,catalogue/olio_984/index.html
517,Mesaerion: The Best Science ...,37.59,catalogue/mesaerion-the-best-science-fiction-stories-1800-1849_983/index.html
518,Libertarianism for Beginners,51.33,catalogue/libertarianism-for-beginners_982/index.html
519,It's Only the Himalayas,45.17,catalogue/its-only-the-himalayas_981/index.html
520,A Light in the ...,51.77,catalogue/a-light-in-the-attic_1000/index.html
521,Tipping the Velvet,53.74,catalogue/tipping-the-velvet_999/index.html
522,Soumission,50.1,catalogue/soumission_998/index.html
523,Sharp Objects,47.82,catalogue/sharp-objects_997/index.html
524,Sapiens: A Brief History ...,54.23,catalogue/sapiens-a-brief-history-of-humankind_996/index.html
525,The Requiem Red,22.65,catalogue/the-requiem-red_995/index.html
526,The Dirty Little Secrets ...,33.34,catalogue/the-dirty-little-secrets-of-getting-your-dream-job_994/index.html
527,The Coming Woman: A ...,17.93,catalogue/the-coming-woman-a-novel-based-on-the-life-of-the-infamous-feminist-victoria-woodhull_993/index.html
528,The Boys in the ...,22.6,catalogue/the-boys-in-the-boat-nine-americans-and-their-epic-quest-for-gold-at-the-1936-berlin-olympics_992/index.html
529,The Black Maria,52.15,catalogue/the-black-maria_991/index.html
530,Starving Hearts (Triangular Trade ...,13.99,catalogue/starving-hearts-triangular-trade-trilogy-1_990/index.html
531,Shakespeare's Sonnets,20.66,catalogue/shakespeares-sonnets_989/index.html
532,Set Me Free,17.46,catalogue/set-me-free_988/index.html
533,Scott Pilgrim's Precious Little ...,52.29,catalogue/scott-pilgrims-precious-little-life-scott-pilgrim-1_987/index.html
534,Rip it Up and ...,35.02,catalogue/rip-it-up-and-start-again_986/index.html
535,Our Band Could Be ...,57.25,catalogue/our-band-could-be-your-life-scenes-from-the-american-indie-underground-1981-1991_985/index.html
536,Olio,23.88,catalogue/olio_984/index.html
537,Mesaerion: The Best Science ...,37.59,catalogue/mesaerion-the-best-science-fiction-stories-1800-1849_983/index.html
538,Libertarianism for Beginners,51.33,catalogue/libertarianism-for-beginners_982/index.html
539,It's Only the Himalayas,45.17,catalogue/its-only-the-himalayas_981/index.html
540,A Light in the ...,51.77,catalogue/a-light-in-the-attic_1000/index.html
541,Tipping the Velvet,53.74,catalogue/tipping-the-velvet_999/index.html
542,Soumission,50.1,catalogue/soumission_998/index.html
543,Sharp Objects,47.82,catalogue/sharp-objects_997/index.html
544,Sapiens: A Brief History ...,54.23,catalogue/sapiens-a-brief-history-of-humankind_996/index.html
545,The Requiem Red,22.65,catalogue/the-requiem-red_995/index.html
546,The Dirty Little Secrets ...,33.34,catalogue/the-dirty-little-secrets-of-getting-your-dream-job_994/index.html
547,The Coming Woman: A ...,17.93,catalogue/the-coming-woman-a-novel-based-on-the-life-of-the-infamous-feminist-victoria-woodhull_993/index.html
548,The Boys in the ...,22.6,catalogue/the-boys-in-the-boat-nine-americans-and-their-epic-quest-for-gold-at-the-1936-berlin-olympics_992/index.html
549,The Black Maria,52.15,catalogue/the-black-maria_991/index.html
550,Starving Hearts (Triangular Trade ...,13.99,catalogue/starving-hearts-triangular-trade-trilogy-1_990/index.html
551,Shakespeare's Sonnets,20.66,catalogue/shakespeares-sonnets_989/index.html
552,Set Me Free,17.46,catalogue/set-me-free_988/index.html
553,Scott Pilgrim's Precious Little ...,52.29,catalogue/scott-pilgrims-precious-little-life-scott-pilgrim-1_987/index.html
554,Rip it Up and ...,35.02,catalogue/rip-it-up-and-start-again_986/index.html
555,Our Band Could Be ...,57.25,catalogue/our-band-could-be-your-life-scenes-from-the-american-indie-underground-1981-1991_985/index.html
556,Olio,23.88,catalogue/olio_984/index.html
557,Mesaerion: The Best Science ...,37.59,catalogue/mesaerion-the-best-science-fiction-stories-1800-1849_983/index.html
558,Libertarianism for Beginners,51.33,catalogue/libertarianism-for-beginners_982/index.html
559,It's Only the Himalayas,45.17,catalogue/its-only-the-himalayas_981/index.html
560,A Light in the ...,51.77,catalogue/a-light-in-the-attic_1000/index.html
561,Tipping the Velvet,53.74,catalogue/tipping-the-velvet_999/index.html
562,Soumission,50.1,catalogue/soumission_998/index.html
563,Sharp Objects,47.82,catalogue/sharp-objects_997/index.html
564,Sapiens: A Brief History ...,54.23,catalogue/sapiens-a-brief-history-of-humankind_996/index.html
565,The Requiem Red,22.65,catalogue/the-requiem-red_995/index.html
566,The Dirty Little Secrets ...,33.34,catalogue/the-dirty-little-secrets-of-getting-your-dream-job_994/index.html
567,The Coming Woman: A ...,17.93,catalogue/the-coming-woman-a-novel-based-on-the-life-of-the-infamous-feminist-victoria-woodhull_993/index.html
568,The Boys in the ...,22.6,catalogue/the-boys-in-the-boat-nine-americans-and-their-epic-quest-for-gold-at-the-1936-berlin-olympics_992/index.html
569,The Black Maria,52.15,catalogue/the-black-maria_991/index.html
570,Starving Hearts (Triangular Trade ...,13.99,catalogue/starving-hearts-triangular-trade-trilogy-1_990/index.html
571,Shakespeare's Sonnets,20.66,catalogue/shakespeares-sonnets_989/index.html
572,Set Me Free,17.46,catalogue/set-me-free_988/index.html
573,Scott Pilgrim's Precious Little ...,52.29,catalogue/scott-pilgrims-precious-little-life-scott-pilgrim-1_987/index.html
574,Rip it Up and ...,35.02,catalogue/rip-it-up-and-start-again_986/index.html
575,Our Band Could Be ...,57.25,catalogue/our-band-could-be-your-life-scenes-from-the-american-indie-underground-1981-1991_985/index.html
576,Olio,23.88,catalogue/olio_984/index.html
577,Mesaerion: The Best Science ...,37.59,catalogue/mesaerion-the-best-science-fiction-stories-1800-1849_983/index.html
578,Libertarianism for Beginners,51.33,catalogue/libertarianism-for-beginners_982/index.html
579,It's Only the Himalayas,45.17,catalogue/its-only-the-himalayas_981/index.html
580,A Light in the ...,51.77,catalogue/a-light-in-the-attic_1000/index.html
581,Tipping the Velvet,53.74,catalogue/tipping-the-velvet_999/index.html
582,Soumission,50.1,catalogue/soumission_998/index.html
583,Sharp Objects,47.82,catalogue/sharp-objects_997/index.html
584,Sapiens: A Brief History ...,54.23,catalogue/sapiens-a-brief-history-of-humankind_996/index.html
585,The Requiem Red,22.65,catalogue/the-requiem-red_995/index.html
586,The Dirty Little Secrets ...,33.34,catalogue/the-dirty-little-secrets-of-getting-your-dream-job_994/index.html
587,The Coming Woman: A ...,17.93,catalogue/the-coming-woman-a-novel-based-on-the-life-of-the-infamous-feminist-victoria-woodhull_993/index.html
588,The Boys in the ...,22.6,catalogue/the-boys-in-the-boat-nine-americans-and-their-epic-quest-for-gold-at-the-1936-berlin-olympics_992/index.html
589,The Black Maria,52.15,catalogue/the-black-maria_991/index.html
590,Starving Hearts (Triangular Trade ...,13.99,catalogue/starving-hearts-triangular-trade-trilogy-1_990/index.html
591,Shakespeare's Sonnets,20.66,catalogue/shakespeares-sonnets_989/index.html
592,Set Me Free,17.46,catalogue/set-me-free_988/index.html
593,Scott Pilgrim's Precious Little ...,52.29,catalogue/scott-pilgrims-precious-little-life-scott-pilgrim-1_987/index.html
594,Rip it Up and ...,35.02,catalogue/rip-it-up-and-start-again_986/index.html
595,Our Band Could Be ...,57.25,catalogue/our-band-could-be-your-life-scenes-from-the-american-indie-underground-1981-1991_985/index.html
596,Olio,23.88,catalogue/olio_984/index.html
597,Mesaerion: The Best Science ...,37.59,catalogue/mesaerion-the-best-science-fiction-stories-1800-1849_983/index.html
598,Libertarianism for Beginners,51.33,catalogue/libertarianism-for-beginners_982/index.html
599,It's Only the Himalayas,45.17,catalogue/its-only-the-himalayas_981/index.html
600,A Light in the ...,51.77,catalogue/a-light-in-the-attic_1000/index.html
601,Tipping the Velvet,53.74,catalogue/tipping-the-velvet_999/index.html
602,Soumission,50.1,catalogue/soumission_998/index.html
603,Sharp Objects,47.82,catalogue/sharp-objects_997/index.html
604,Sapiens: A Brief History ...,54.23,catalogue/sapiens-a-brief-history-of-humankind_996/index.html
605,The Requiem Red,22.65,catalogue/the-requiem-red_995/index.html
606,The Dirty Little Secrets ...,33.34,catalogue/the-dirty-little-secrets-of-getting-your-dream-job_994/index.html
607,The Coming Woman: A ...,17.93,catalogue/the-coming-woman-a-novel-based-on-the-life-of-the-infamous-feminist-victoria-woodhull_993/index.html
608,The Boys in the ...,22.6,catalogue/the-boys-in-the-boat-nine-americans-and-their-epic-quest-for-gold-at-the-1936-berlin-olympics_992/index.html
609,The Black Maria,52.15,catalogue/the-black-maria_991/index.html
610,Starving Hearts (Triangular Trade ...,13.99,catalogue/starving-hearts-triangular-trade-trilogy-1_990/index.html
611,Shakespeare's Sonnets,20.66,catalogue/shakespeares-sonnets_989/index.html
612,Set Me Free,17.46,catalogue/set-me-free_988/index.html
613,Scott Pilgrim's Precious Little ...,52.29,catalogue/scott-pilgrims-precious-little-life-scott-pilgrim-1_987/index.html
614,Rip it Up and ...,35.02,catalogue/rip-it-up-and-start-again_986/index.html
615,Our Band Could Be ...,57.25,catalogue/our-band-could-be-your-life-scenes-from-the-american-indie-underground-1981-1991_985/index.html
616,Olio,23.88,catalogue/olio_984/index.html
617,Mesaerion: The Best Science ...,37.59,catalogue/mesaerion-the-best-science-fiction-stories-1800-1849_983/index.html
618,Libertarianism for Beginners,51.33,catalogue/libertarianism-for-beginners_982/index.html
619,It's Only the Himalayas,45.17,catalogue/its-only-the-himalayas_981/index.html
620,A Light in the ...,51.77,catalogue/a-light-in-the-attic_1000/index.html
621,Tipping the Velvet,53.74,catalogue/tipping-the-velvet_999/index.html
622,Soumission,50.1,catalogue/soumission_998/index.html
623,Sharp Objects,47.82,catalogue/sharp-objects_997/index.html
624,Sapiens: A Brief History ...,54.23,catalogue/sapiens-a-brief-history-of-humankind_996/index.html
625,The Requiem Red,22.65,catalogue/the-requiem-red_995/index.html
626,The Dirty Little Secrets ...,33.34,catalogue/the-dirty-little-secrets-of-getting-your-dream-job_994/index.html
627,The Coming Woman: A ...,17.93,catalogue/the-coming-woman-a-novel-based-on-the-life-of-the-infamous-feminist-victoria-woodhull_993/index.html
628,The Boys in the ...,22.6,catalogue/the-boys-in-the-boat-nine-americans-and-their-epic-quest-for-gold-at-the-1936-berlin-olympics_992/index.html
629,The Black Maria,52.15,catalogue/the-black-maria_991/index.html
630,Starving Hearts (Triangular Trade ...,13.99,catalogue/starving-hearts-triangular-trade-trilogy-1_990/index.html
631,Shakespeare's Sonnets,20.66,catalogue/shakespeares-sonnets_989/index.html
632,Set Me Free,17.46,catalogue/set-me-free_988/index.html
633,Scott Pilgrim's Precious Little ...,52.29,catalogue/scott-pilgrims-precious-little-life-scott-pilgrim-1_987/index.html
634,Rip it Up and ...,35.02,catalogue/rip-it-up-and-start-again_986/index.html
635,Our Band Could Be ...,57.25,catalogue/our-band-could-be-your-life-scenes-from-the-american-indie-underground-1981-1991_985/index.html
636,Olio,23.88,catalogue/olio_984/index.html
637,Mesaerion: The Best Science ...,37.59,catalogue/mesaerion-the-best-science-fiction-stories-1800-1849_983/index.html
638,Libertarianism for Beginners,51.33,catalogue/libertarianism-for-beginners_982/index.html
639,It's Only the Himalayas,45.17,catalogue/its-only-the-himalayas_981/index.html
640,A Light in the ...,51.77,catalogue/a-light-in-the-attic_1000/index.html
641,Tipping the Velvet,53.74,catalogue/tipping-the-velvet_999/index.html
642,Soumission,50.1,catalogue/soumission_998/index.html
643,Sharp Objects,47.82,catalogue/sharp-objects_997/index.html
644,Sapiens: A Brief History ...,54.23,catalogue/sapiens-a-brief-history-of-humankind_996/index.html
645,The Requiem Red,22.65,catalogue/the-requiem-red_995/index.html
646,The Dirty Little Secrets ...,33.34,catalogue/the-dirty-little-secrets-of-getting-your-dream-job_994/index.html
647,The Coming Woman: A ...,17.93,catalogue/the-coming-woman-a-novel-based-on-the-life-of-the-infamous-feminist-victoria-woodhull_993/index.html
648,The Boys in the ...,22.6,catalogue/the-boys-in-the-boat-nine-americans-and-their-epic-quest-for-gold-at-the-1936-berlin-olympics_992/index.html
649,The Black Maria,52.15,catalogue/the-black-maria_991/index.html
650,Starving Hearts (Triangular Trade ...,13.99,catalogue/starving-hearts-triangular-trade-trilogy-1_990/index.html
651,Shakespeare's Sonnets,20.66,catalogue/shakespeares-sonnets_989/index.html
652,Set Me Free,17.46,catalogue/set-me-free_988/index.html
653,Scott Pilgrim's Precious Little ...,52.29,catalogue/scott-pilgrims-precious-little-life-scott-pilgrim-1_987/index.html
654,Rip it Up and ...,35.02,catalogue/rip-it-up-and-start-again_986/index.html
655,Our Band Could Be ...,57.25,catalogue/our-band-could-be-your-life-scenes-from-the-american-indie-underground-1981-1991_985/index.html
656,Olio,23.88,catalogue/olio_984/index.html
657,Mesaerion: The Best Science ...,37.59,catalogue/mesaerion-the-best-science-fiction-stories-1800-1849_983/index.html
658,Libertarianism for Beginners,51.33,catalogue/libertarianism-for-beginners_982/index.html
659,It's Only the Himalayas,45.17,catalogue/its-only-the-himalayas_981/index.html
660,A Light in the ...,51.77,catalogue/a-light-in-the-attic_1000/index.html
661,Tipping the Velvet,53.74,catalogue/tipping-the-velvet_999/index.html
662,Soumission,50.1,catalogue/soumission_998/index.html
663,Sharp Objects,47.82,catalogue/sharp-objects_997/index.html
664,Sapiens: A Brief History ...,54.23,catalogue/sapiens-a-brief-history-of-humankind_996/index.html
665,The Requiem Red,22.65,catalogue/the-requiem-red_995/index.html
666,The Dirty Little Secrets ...,33.34,catalogue/the-dirty-little-secrets-of-getting-your-dream-job_994/index.html
667,The Coming Woman: A ...,17.93,catalogue/the-coming-woman-a-novel-based-on-the-life-of-the-infamous-feminist-victoria-woodhull_993/index.html
668,The Boys in the ...,22.6,catalogue/the-boys-in-the-boat-nine-americans-and-their-epic-quest-for-gold-at-the-1936-berlin-olympics_992/index.html
669,The Black Maria,52.15,catalogue/the-black-maria_991/index.html
670,Starving Hearts (Triangular Trade ...,13.99,catalogue/starving-hearts-triangular-trade-trilogy-1_990/index.html
671,Shakespeare's Sonnets,20.66,catalogue/shakespeares-sonnets_989/index.html
672,Set Me Free,17.46,catalogue/set-me-free_988/index.html
673,Scott Pilgrim's Precious Little ...,52.29,catalogue/scott-pilgrims-precious-little-life-scott-pilgrim-1_987/index.html
674,Rip it Up and ...,35.02,catalogue/rip-it-up-and-start-again_986/index.html
675,Our Band Could Be ...,57.25,catalogue/our-band-could-be-your-life-scenes-from-the-american-indie-underground-1981-1991_985/index.html
676,Olio,23.88,catalogue/olio_984/index.html
677,Mesaerion: The Best Science ...,37.59,catalogue/mesaerion-the-best-science-fiction-stories-1800-1849_983/index.html
678,Libertarianism for Beginners,51.33,catalogue/libertarianism-for-beginners_982/index.html
679,It's Only the Himalayas,45.17,catalogue/its-only-the-himalayas_981/index.html
680,A Light in the ...,51.77,catalogue/a-light-in-the-attic_1000/index.html
681,Tipping the Velvet,53.74,catalogue/tipping-the-velvet_999/index.html
682,Soumission,50.1,catalogue/soumission_998/index.html
683,Sharp Objects,47.82,catalogue/sharp-objects_997/index.html
684,Sapiens: A Brief History ...,54.23,catalogue/sapiens-a-brief-history-of-humankind_996/index.html
685,The Requiem Red,22.65,catalogue/the-requiem-red_995/index.html
686,The Dirty Little Secrets ...,33.34,catalogue/the-dirty-little-secrets-of-getting-your-dream-job_994/index.html
687,The Coming Woman: A ...,17.93,catalogue/the-coming-woman-a-novel-based-on-the-life-of-the-infamous-feminist-victoria-woodhull_993/index.html
688,The Boys in the ...,22.6,catalogue/the-boys-in-the-boat-nine-americans-and-their-epic-quest-for-gold-at-the-1936-berlin-olympics_992/index.html
689,The Black Maria,52.15,catalogue/the-black-maria_991/index.html
690,Starving Hearts (Triangular Trade ...,13.99,catalogue/starving-hearts-triangular-trade-trilogy-1_990/index.html
691,Shakespeare's Sonnets,20.66,catalogue/shakespeares-sonnets_989/index.html
692,Set Me Free,17.46,catalogue/set-me-free_988/index.html
693,Scott Pilgrim's Precious Little ...,52.29,catalogue/scott-pilgrims-precious-little-life-scott-pilgrim-1_987/index.html
694,Rip it Up and ...,35.02,catalogue/rip-it-up-and-start-again_986/index.html
695,Our Band Could Be ...,57.25,catalogue/our-band-could-be-your-life-scenes-from-the-american-indie-underground-1981-1991_985/index.html
696,Olio,23.88,catalogue/olio_984/index.html
697,Mesaerion: The Best Science ...,37.59,catalogue/mesaerion-the-best-science-fiction-stories-1800-1849_983/index.html
698,Libertarianism for Beginners,51.33,catalogue/libertarianism-for-beginners_982/index.html
699,It's Only the Himalayas,45.17,catalogue/its-only-the-himalayas_981/index.html
700,A Light in the ...,51.77,catalogue/a-light-in-the-attic_1000/index.html
701,Tipping the Velvet,53.74,catalogue/tipping-the-velvet_999/index.html
702,Soumission,50.1,catalogue/soumission_998/index.html
703,Sharp Objects,47.82,catalogue/sharp-objects_997/index.html
704,Sapiens: A Brief History ...,54.23,catalogue/sapiens-a-brief-history-of-humankind_996/index.html
705,The Requiem Red,22.65,catalogue/the-requiem-red_995/index.html
706,The Dirty Little Secrets ...,33.34,catalogue/the-dirty-little-secrets-of-getting-your-dream-job_994/index.html
707,The Coming Woman: A ...,17.93,catalogue/the-coming-woman-a-novel-based-on-the-life-of-the-infamous-feminist-victoria-woodhull_993/index.html
708,The Boys in the ...,22.6,catalogue/the-boys-in-the-boat-nine-americans-and-their-epic-quest-for-gold-at-the-1936-berlin-olympics_992/index.html
709,The Black Maria,52.15,catalogue/the-black-maria_991/index.html
710,Starving Hearts (Triangular Trade ...,13.99,catalogue/starving-hearts-triangular-trade-trilogy-1_990/index.html
711,Shakespeare's Sonnets,20.66,catalogue/shakespeares-sonnets_989/index.html
712,Set Me Free,17.46,catalogue/set-me-free_988/index.html
713,Scott Pilgrim's Precious Little ...,52.29,catalogue/scott-pilgrims-precious-little-life-scott-pilgrim-1_987/index.html
714,Rip it Up and ...,35.02,catalogue/rip-it-up-and-start-again_986/index.html
715,Our Band Could Be ...,57.25,catalogue/our-band-could-be-your-life-scenes-from-the-american-indie-underground-1981-1991_985/index.html
716,Olio,23.88,catalogue/olio_984/index.html
717,Mesaerion: The Best Science ...,37.59,catalogue/mesaerion-the-best-science-fiction-stories-1800-1849_983/index.html
718,Libertarianism for Beginners,51.33,catalogue/libertarianism-for-beginners_982/index.html
719,It's Only the Himalayas,45.17,catalogue/its-only-the-himalayas_981/index.html
720,A Light in the ...,51.77,catalogue/a-light-in-the-attic_1000/index.html
721,Tipping the Velvet,53.74,catalogue/tipping-the-velvet_999/index.html
722,Soumission,50.1,catalogue/soumission_998/index.html
723,Sharp Objects,47.82,catalogue/sharp-objects_997/index.html
724,Sapiens: A Brief History ...,54.23,catalogue/sapiens-a-brief-history-of-humankind_996/index.html
725,The Requiem Red,22.65,catalogue/the-requiem-red_995/index.html
726,The Dirty Little Secrets ...,33.34,catalogue/the-dirty-little-secrets-of-getting-your-dream-job_994/index.html
727,The Coming Woman: A ...,17.93,catalogue/the-coming-woman-a-novel-based-on-the-life-of-the-infamous-feminist-victoria-woodhull_993/index.html
728,The Boys in the ...,22.6,catalogue/the-boys-in-the-boat-nine-americans-and-their-epic-quest-for-gold-at-the-1936-berlin-olympics_992/index.html
729,The Black Maria,52.15,catalogue/the-black-maria_991/index.html
730,Starving Hearts (Triangular Trade ...,13.99,catalogue/starving-hearts-triangular-trade-trilogy-1_990/index.html
731,Shakespeare's Sonnets,20.66,catalogue/shakespeares-sonnets_989/index.html
732,Set Me Free,17.46,catalogue/set-me-free_988/index.html
733,Scott Pilgrim's Precious Little ...,52.29,catalogue/scott-pilgrims-precious-little-life-scott-pilgrim-1_987/index.html
734,Rip it Up and ...,35.02,catalogue/rip-it-up-and-start-again_986/index.html
735,Our Band Could Be ...,57.25,catalogue/our-band-could-be-your-life-scenes-from-the-american-indie-underground-1981-1991_985/index.html
736,Olio,23.88,catalogue/olio_984/index.html
737,Mesaerion: The Best Science ...,37.59,catalogue/mesaerion-the-best-science-fiction-stories-1800-1849_983/index.html
738,Libertarianism for Beginners,51.33,catalogue/libertarianism-for-beginners_982/index.html
739,It's Only the Himalayas,45.17,catalogue/its-only-the-himalayas_981/index.html
740,A Light in the ...,51.77,catalogue/a-light-in-the-attic_1000/index.html
741,Tipping the Velvet,53.74,catalogue/tipping-the-velvet_999/index.html
742,Soumission,50.1,catalogue/soumission_998/index.html
743,Sharp Objects,47.82,catalogue/sharp-objects_997/index.html
744,Sapiens: A Brief History ...,54.23,catalogue/sapiens-a-brief-history-of-humankind_996/index.html
745,The Requiem Red,22.65,catalogue/the-requiem-red_995/index.html
746,The Dirty Little Secrets ...,33.34,catalogue/the-dirty-little-secrets-of-getting-your-dream-job_994/index.html
747,The Coming Woman: A ...,17.93,catalogue/the-coming-woman-a-novel-based-on-the-life-of-the-infamous-feminist-victoria-woodhull_993/index.html
748,The Boys in the ...,22.6,catalogue/the-boys-in-the-boat-nine-americans-and-their-epic-quest-for-gold-at-the-1936-berlin-olympics_992/index.html
749,The Black Maria,52.15,catalogue/the-black-maria_991/index.html
750,Starving Hearts (Triangular Trade ...,13.99,catalogue/starving-hearts-triangular-trade-trilogy-1_990/index.html
751,Shakespeare's Sonnets,20.66,catalogue/shakespeares-sonnets_989/index.html
752,Set Me Free,17.46,catalogue/set-me-free_988/index.html
753,Scott Pilgrim's Precious Little ...,52.29,catalogue/scott-pilgrims-precious-little-life-scott-pilgrim-1_987/index.html
754,Rip it Up and ...,35.02,catalogue/rip-it-up-and-start-again_986/index.html
755,Our Band Could Be ...,57.25,catalogue/our-band-could-be-your-life-scenes-from-the-american-indie-underground-1981-1991_985/index.html
756,Olio,23.88,catalogue/olio_984/index.html
757,Mesaerion: The Best Science ...,37.59,catalogue/mesaerion-the-best-science-fiction-stories-1800-1849_983/index.html
758,Libertarianism for Beginners,51.33,catalogue/libertarianism-for-beginners_982/index.html
759,It's Only the Himalayas,45.17,catalogue/its-only-the-himalayas_981/index.html
760,A Light in the ...,51.77,catalogue/a-light-in-the-attic_1000/index.html
761,Tipping the Velvet,53.74,catalogue/tipping-the-velvet_999/index.html
762,Soumission,50.1,catalogue/soumission_998/index.html
763,Sharp Objects,47.82,catalogue/sharp-objects_997/index.html
764,Sapiens: A Brief History ...,54.23,catalogue/sapiens-a-brief-history-of-humankind_996/index.html
765,The Requiem Red,22.65,catalogue/the-requiem-red_995/index.html
766,The Dirty Little Secrets ...,33.34,catalogue/the-dirty-little-secrets-of-getting-your-dream-job_994/index.html
767,The Coming Woman: A ...,17.93,catalogue/the-coming-woman-a-novel-based-on-the-life-of-the-infamous-feminist-victoria-woodhull_993/index.html
768,The Boys in the ...,22.6,catalogue/the-boys-in-the-boat-nine-americans-and-their-epic-quest-for-gold-at-the-1936-berlin-olympics_992/index.html
769,The Black Maria,52.15,catalogue/the-black-maria_991/index.html
770,Starving Hearts (Triangular Trade ...,13.99,catalogue/starving-hearts-triangular-trade-trilogy-1_990/index.html
771,Shakespeare's Sonnets,20.66,catalogue/shakespeares-sonnets_989/index.html
772,Set Me Free,17.46,catalogue/set-me-free_988/index.html
773,Scott Pilgrim's Precious Little ...,52.29,catalogue/scott-pilgrims-precious-little-life-scott-pilgrim-1_987/index.html
774,Rip it Up and ...,35.02,catalogue/rip-it-up-and-start-again_986/index.html
775,Our Band Could Be ...,57.25,catalogue/our-band-could-be-your-life-scenes-from-the-american-indie-underground-1981-1991_985/index.html
776,Olio,23.88,catalogue/olio_984/index.html
777,Mesaerion: The Best Science ...,37.59,catalogue/mesaerion-the-best-science-fiction-stories-1800-1849_983/index.html
778,Libertarianism for Beginners,51.33,catalogue/libertarianism-for-beginners_982/index.html
779,It's Only the Himalayas,45.17,catalogue/its-only-the-himalayas_981/index.html
780,A Light in the ...,51.77,catalogue/a-light-in-the-attic_1000/index.html
781,Tipping the Velvet,53.74,catalogue/tipping-the-velvet_999/index.html
782,Soumission,50.1,catalogue/soumission_998/index.html
783,Sharp Objects,47.82,catalogue/sharp-objects_997/index.html
784,Sapiens: A Brief History ...,54.23,catalogue/sapiens-a-brief-history-of-humankind_996/index.html
785,The Requiem Red,22.65,catalogue/the-requiem-red_995/index.html
786,The Dirty Little Secrets ...,33.34,catalogue/the-dirty-little-secrets-of-getting-your-dream-job_994/index.html
787,The Coming Woman: A ...,17.93,catalogue/the-coming-woman-a-novel-based-on-the-life-of-the-infamous-feminist-victoria-woodhull_993/index.html
788,The Boys in the ...,22.6,catalogue/the-boys-in-the-boat-nine-americans-and-their-epic-quest-for-gold-at-the-1936-berlin-olympics_992/index.html
789,The Black Maria,52.15,catalogue/the-black-maria_991/index.html
790,Starving Hearts (Triangular Trade ...,13.99,catalogue/starving-hearts-triangular-trade-trilogy-1_990/index.html
791,Shakespeare's Sonnets,20.66,catalogue/shakespeares-sonnets_989/index.html
792,Set Me Free,17.46,catalogue/set-me-free_988/index.html
793,Scott Pilgrim's Precious Little ...,52.29,catalogue/scott-pilgrims-precious-little-life-scott-pilgrim-1_987/index.html
794,Rip it Up and ...,35.02,catalogue/rip-it-up-and-start-again_986/index.html
795,Our Band Could Be ...,57.25,catalogue/our-band-could-be-your-life-scenes-from-the-american-indie-underground-1981-1991_985/index.html
796,Olio,23.88,catalogue/olio_984/index.html
797,Mesaerion: The Best Science ...,37.59,catalogue/mesaerion-the-best-science-fiction-stories-1800-1849_983/index.html
798,Libertarianism for Beginners,51.33,catalogue/libertarianism-for-beginners_982/index.html
799,It's Only the Himalayas,45.17,catalogue/its-only-the-himalayas_981/index.html
800,A Light in the ...,51.77,catalogue/a-light-in-the-attic_1000/index.html
801,Tipping the Velvet,53.74,catalogue/tipping-the-velvet_999/index.html
802,Soumission,50.1,catalogue/soumission_998/index.html
803,Sharp Objects,47.82,catalogue/sharp-objects_997/index.html
804,Sapiens: A Brief History ...,54.23,catalogue/sapiens-a-brief-history-of-humankind_996/index.html
805,The Requiem Red,22.65,catalogue/the-requiem-red_995/index.html
806,The Dirty Little Secrets ...,33.34,catalogue/the-dirty-little-secrets-of-getting-your-dream-job_994/index.html
807,The Coming Woman: A ...,17.93,catalogue/the-coming-woman-a-novel-based-on-the-life-of-the-infamous-feminist-victoria-woodhull_993/index.html
808,The Boys in the ...,22.6,catalogue/the-boys-in-the-boat-nine-americans-and-their-epic-quest-for-gold-at-the-1936-berlin-olympics_992/index.html
809,The Black Maria,52.15,catalogue/the-black-maria_991/index.html
810,Starving Hearts (Triangular Trade ...,13.99,catalogue/starving-hearts-triangular-trade-trilogy-1_990/index.html
811,Shakespeare's Sonnets,20.66,catalogue/shakespeares-sonnets_989/index.html
812,Set Me Free,17.46,catalogue/set-me-free_988/index.html
813,Scott Pilgrim's Precious Little ...,52.29,catalogue/scott-pilgrims-precious-little-life-scott-pilgrim-1_987/index.html
814,Rip it Up and ...,35.02,catalogue/rip-it-up-and-start-again_986/index.html
815,Our Band Could Be ...,57.25,catalogue/our-band-could-be-your-life-scenes-from-the-american-indie-underground-1981-1991_985/index.html
816,Olio,23.88,catalogue/olio_984/index.html
817,Mesaerion: The Best Science ...,37.59,catalogue/mesaerion-the-best-science-fiction-stories-1800-1849_983/index.html
818,Libertarianism for Beginners,51.33,catalogue/libertarianism-for-beginners_982/index.html
819,It's Only the Himalayas,45.17,catalogue/its-only-the-himalayas_981/index.html
820,A Light in the ...,51.77,catalogue/a-light-in-the-attic_1000/index.html
821,Tipping the Velvet,53.74,catalogue/tipping-the-velvet_999/index.html
822,Soumission,50.1,catalogue/soumission_998/index.html
823,Sharp Objects,47.82,catalogue/sharp-objects_997/index.html
824,Sapiens: A Brief History ...,54.23,catalogue/sapiens-a-brief-history-of-humankind_996/index.html
825,The Requiem Red,22.65,catalogue/the-requiem-red_995/index.html
826,The Dirty Little Secrets ...,33.34,catalogue/the-dirty-little-secrets-of-getting-your-dream-job_994/index.html
827,The Coming Woman: A ...,17.93,catalogue/the-coming-woman-a-novel-based-on-the-life-of-the-infamous-feminist-victoria-woodhull_993/index.html
828,The Boys in the ...,22.6,catalogue/the-boys-in-the-boat-nine-americans-and-their-epic-quest-for-gold-at-the-1936-berlin-olympics_992/index.html
829,The Black Maria,52.15,catalogue/the-black-maria_991/index.html
830,Starving Hearts (Triangular Trade ...,13.99,catalogue/starving-hearts-triangular-trade-trilogy-1_990/index.html
831,Shakespeare's Sonnets,20.66,catalogue/shakespeares-sonnets_989/index.html
832,Set Me Free,17.46,catalogue/set-me-free_988/index.html
833,Scott Pilgrim's Precious Little ...,52.29,catalogue/scott-pilgrims-precious-little-life-scott-pilgrim-1_987/index.html
834,Rip it Up and ...,35.02,catalogue/rip-it-up-and-start-again_986/index.html
835,Our Band Could Be ...,57.25,catalogue/our-band-could-be-your-life-scenes-from-the-american-indie-underground-1981-1991_985/index.html
836,Olio,23.88,catalogue/olio_984/index.html
837,Mesaerion: The Best Science ...,37.59,catalogue/mesaerion-the-best-science-fiction-stories-1800-1849_983/index.html
838,Libertarianism for Beginners,51.33,catalogue/libertarianism-for-beginners_982/index.html
839,It's Only the Himalayas,45.17,catalogue/its-only-the-himalayas_981/index.html
840,A Light in the ...,51.77,catalogue/a-light-in-the-attic_1000/index.html
841,Tipping the Velvet,53.74,catalogue/tipping-the-velvet_999/index.html
842,Soumission,50.1,catalogue/soumission_998/index.html
843,Sharp Objects,47.82,catalogue/sharp-objects_997/index.html
844,Sapiens: A Brief History ...,54.23,catalogue/sapiens-a-brief-history-of-humankind_996/index.html
845,The Requiem Red,22.65,catalogue/the-requiem-red_995/index.html
846,The Dirty Little Secrets ...,33.34,catalogue/the-dirty-little-secrets-of-getting-your-dream-job_994/index.html
847,The Coming Woman: A ...,17.93,catalogue/the-coming-woman-a-novel-based-on-the-life-of-the-infamous-feminist-victoria-woodhull_993/index.html
848,The Boys in the ...,22.6,catalogue/the-boys-in-the-boat-nine-americans-and-their-epic-quest-for-gold-at-the-1936-berlin-olympics_992/index.html
849,The Black Maria,52.15,catalogue/the-black-maria_991/index.html
850,Starving Hearts (Triangular Trade ...,13.99,catalogue/starving-hearts-triangular-trade-trilogy-1_990/index.html
851,Shakespeare's Sonnets,20.66,catalogue/shakespeares-sonnets_989/index.html
852,Set Me Free,17.46,catalogue/set-me-free_988/index.html
853,Scott Pilgrim's Precious Little ...,52.29,catalogue/scott-pilgrims-precious-little-life-scott-pilgrim-1_987/index.html
854,Rip it Up and ...,35.02,catalogue/rip-it-up-and-start-again_986/index.html
855,Our Band Could Be ...,57.25,catalogue/our-band-could-be-your-life-scenes-from-the-american-indie-underground-1981-1991_985/index.html
856,Olio,23.88,catalogue/olio_984/index.html
857,Mesaerion: The Best Science ...,37.59,catalogue/mesaerion-the-best-science-fiction-stories-1800-1849_983/index.html
858,Libertarianism for Beginners,51.33,catalogue/libertarianism-for-beginners_982/index.html
859,It's Only the Himalayas,45.17,catalogue/its-only-the-himalayas_981/index.html
860,A Light in the ...,51.77,catalogue/a-light-in-the-attic_1000/index.html
861,Tipping the Velvet,53.74,catalogue/tipping-the-velvet_999/index.html
862,Soumission,50.1,catalogue/soumission_998/index.html
863,Sharp Objects,47.82,catalogue/sharp-objects_997/index.html
864,Sapiens: A Brief History ...,54.23,catalogue/sapiens-a-brief-history-of-humankind_996/index.html
865,The Requiem Red,22.65,catalogue/the-requiem-red_995/index.html
866,The Dirty Little Secrets ...,33.34,catalogue/the-dirty-little-secrets-of-getting-your-dream-job_994/index.html
867,The Coming Woman: A ...,17.93,catalogue/the-coming-woman-a-novel-based-on-the-life-of-the-infamous-feminist-victoria-woodhull_993/index.html
868,The Boys in the ...,22.6,catalogue/the-boys-in-the-boat-nine-americans-and-their-epic-quest-for-gold-at-the-1936-berlin-olympics_992/index.html
869,The Black Maria,52.15,catalogue/the-black-maria_991/index.html
870,Starving Hearts (Triangular Trade ...,13.99,catalogue/starving-hearts-triangular-trade-trilogy-1_990/index.html
871,Shakespeare's Sonnets,20.66,catalogue/shakespeares-sonnets_989/index.html
872,Set Me Free,17.46,catalogue/set-me-free_988/index.html
873,Scott Pilgrim's Precious Little ...,52.29,catalogue/scott-pilgrims-precious-little-life-scott-pilgrim-1_987/index.html
874,Rip it Up and ...,35.02,catalogue/rip-it-up-and-start-again_986/index.html
875,Our Band Could Be ...,57.25,catalogue/our-band-could-be-your-life-scenes-from-the-american-indie-underground-1981-1991_985/index.html
876,Olio,23.88,catalogue/olio_984/index.html
877,Mesaerion: The Best Science ...,37.59,catalogue/mesaerion-the-best-science-fiction-stories-1800-1849_983/index.html
878,Libertarianism for Beginners,51.33,catalogue/libertarianism-for-beginners_982/index.html
879,It's Only the Himalayas,45.17,catalogue/its-only-the-himalayas_981/index.html
880,A Light in the ...,51.77,catalogue/a-light-in-the-attic_1000/index.html
881,Tipping the Velvet,53.74,catalogue/tipping-the-velvet_999/index.html
882,Soumission,50.1,catalogue/soumission_998/index.html
883,Sharp Objects,47.82,catalogue/sharp-objects_997/index.html
884,Sapiens: A Brief History ...,54.23,catalogue/sapiens-a-brief-history-of-humankind_996/index.html
885,The Requiem Red,22.65,catalogue/the-requiem-red_995/index.html
886,The Dirty Little Secrets ...,33.34,catalogue/the-dirty-little-secrets-of-getting-your-dream-job_994/index.html
887,The Coming Woman: A ...,17.93,catalogue/the-coming-woman-a-novel-based-on-the-life-of-the-infamous-feminist-victoria-woodhull_993/index.html
888,The Boys in the ...,22.6,catalogue/the-boys-in-the-boat-nine-americans-and-their-epic-quest-for-gold-at-the-1936-berlin-olympics_992/index.html
889,The Black Maria,52.15,catalogue/the-black-maria_991/index.html
890,Starving Hearts (Triangular Trade ...,13.99,catalogue/starving-hearts-triangular-trade-trilogy-1_990/index.html
891,Shakespeare's Sonnets,20.66,catalogue/shakespeares-sonnets_989/index.html
892,Set Me Free,17.46,catalogue/set-me-free_988/index.html
893,Scott Pilgrim's Precious Little ...,52.29,catalogue/scott-pilgrims-precious-little-life-scott-pilgrim-1_987/index.html
894,Rip it Up and ...,35.02,catalogue/rip-it-up-and-start-again_986/index.html
895,Our Band Could Be ...,57.25,catalogue/our-band-could-be-your-life-scenes-from-the-american-indie-underground-1981-1991_985/index.html
896,Olio,23.88,catalogue/olio_984/index.html
897,Mesaerion: The Best Science ...,37.59,catalogue/mesaerion-the-best-science-fiction-stories-1800-1849_983/index.html
898,Libertarianism for Beginners,51.33,catalogue/libertarianism-for-beginners_982/index.html
899,It's Only the Himalayas,45.17,catalogue/its-only-the-himalayas_981/index.html
900,A Light in the ...,51.77,catalogue/a-light-in-the-attic_1000/index.html
901,Tipping the Velvet,53.74,catalogue/tipping-the-velvet_999/index.html
902,Soumission,50.1,catalogue/soumission_998/index.html
903,Sharp Objects,47.82,catalogue/sharp-objects_997/index.html
904,Sapiens: A Brief History ...,54.23,catalogue/sapiens-a-brief-history-of-humankind_996/index.html
905,The Requiem Red,22.65,catalogue/the-requiem-red_995/index.html
906,The Dirty Little Secrets ...,33.34,catalogue/the-dirty-little-secrets-of-getting-your-dream-job_994/index.html
907,The Coming Woman: A ...,17.93,catalogue/the-coming-woman-a-novel-based-on-the-life-of-the-infamous-feminist-victoria-woodhull_993/index.html
908,The Boys in the ...,22.6,catalogue/the-boys-in-the-boat-nine-americans-and-their-epic-quest-for-gold-at-the-1936-berlin-olympics_992/index.html
909,The Black Maria,52.15,catalogue/the-black-maria_991/index.html
910,Starving Hearts (Triangular Trade ...,13.99,catalogue/starving-hearts-triangular-trade-trilogy-1_990/index.html
911,Shakespeare's Sonnets,20.66,catalogue/shakespeares-sonnets_989/index.html
912,Set Me Free,17.46,catalogue/set-me-free_988/index.html
913,Scott Pilgrim's Precious Little ...,52.29,catalogue/scott-pilgrims-precious-little-life-scott-pilgrim-1_987/index.html
914,Rip it Up and ...,35.02,catalogue/rip-it-up-and-start-again_986/index.html
915,Our Band Could Be ...,57.25,catalogue/our-band-could-be-your-life-scenes-from-the-american-indie-underground-1981-1991_985/index.html
916,Olio,23.88,catalogue/olio_984/index.html
917,Mesaerion: The Best Science ...,37.59,catalogue/mesaerion-the-best-science-fiction-stories-1800-1849_983/index.html
918,Libertarianism for Beginners,51.33,catalogue/libertarianism-for-beginners_982/index.html
919,It's Only the Himalayas,45.17,catalogue/its-only-the-himalayas_981/index.html
920,A Light in the ...,51.77,catalogue/a-light-in-the-attic_1000/index.html
921,Tipping the Velvet,53.74,catalogue/tipping-the-velvet_999/index.html
922,Soumission,50.1,catalogue/soumission_998/index.html
923,Sharp Objects,47.82,catalogue/sharp-objects_997/index.html
924,Sapiens: A Brief History ...,54.23,catalogue/sapiens-a-brief-history-of-humankind_996/index.html
925,The Requiem Red,22.65,catalogue/the-requiem-red_995/index.html
926,The Dirty Little Secrets ...,33.34,catalogue/the-dirty-little-secrets-of-getting-your-dream-job_994/index.html
927,The Coming Woman: A ...,17.93,catalogue/the-coming-woman-a-novel-based-on-the-life-of-the-infamous-feminist-victoria-woodhull_993/index.html
928,The Boys in the ...,22.6,catalogue/the-boys-in-the-boat-nine-americans-and-their-epic-quest-for-gold-at-the-1936-berlin-olympics_992/index.html
929,The Black Maria,52.15,catalogue/the-black-maria_991/index.html
930,Starving Hearts (Triangular Trade ...,13.99,catalogue/starving-hearts-triangular-trade-trilogy-1_990/index.html
931,Shakespeare's Sonnets,20.66,catalogue/shakespeares-sonnets_989/index.html
932,Set Me Free,17.46,catalogue/set-me-free_988/index.html
933,Scott Pilgrim's Precious Little ...,52.29,catalogue/scott-pilgrims-precious-little-life-scott-pilgrim-1_987/index.html
934,Rip it Up and ...,35.02,catalogue/rip-it-up-and-start-again_986/index.html
935,Our Band Could Be ...,57.25,catalogue/our-band-could-be-your-life-scenes-from-the-american-indie-underground-1981-1991_985/index.html
936,Olio,23.88,catalogue/olio_984/index.html
937,Mesaerion: The Best Science ...,37.59,catalogue/mesaerion-the-best-science-fiction-stories-1800-1849_983/index.html
938,Libertarianism for Beginners,51.33,catalogue/libertarianism-for-beginners_982/index.html
939,It's Only the Himalayas,45.17,catalogue/its-only-the-himalayas_981/index.html
940,A Light in the ...,51.77,catalogue/a-light-in-the-attic_1000/index.html
941,Tipping the Velvet,53.74,catalogue/tipping-the-velvet_999/index.html
942,Soumission,50.1,catalogue/soumission_998/index.html
943,Sharp Objects,47.82,catalogue/sharp-objects_997/index.html
944,Sapiens: A Brief History ...,54.23,catalogue/sapiens-a-brief-history-of-humankind_996/index.html
945,The Requiem Red,22.65,catalogue/the-requiem-red_995/index.html
946,The Dirty Little Secrets ...,33.34,catalogue/the-dirty-little-secrets-of-getting-your-dream-job_994/index.html
947,The Coming Woman: A ...,17.93,catalogue/the-coming-woman-a-novel-based-on-the-life-of-the-infamous-feminist-victoria-woodhull_993/index.html
948,The Boys in the ...,22.6,catalogue/the-boys-in-the-boat-nine-americans-and-their-epic-quest-for-gold-at-the-1936-berlin-olympics_992/index.html
949,The Black Maria,52.15,catalogue/the-black-maria_991/index.html
950,Starving Hearts (Triangular Trade ...,13.99,catalogue/starving-hearts-triangular-trade-trilogy-1_990/index.html
951,Shakespeare's Sonnets,20.66,catalogue/shakespeares-sonnets_989/index.html
952,Set Me Free,17.46,catalogue/set-me-free_988/index.html
953,Scott Pilgrim's Precious Little ...,52.29,catalogue/scott-pilgrims-precious-little-life-scott-pilgrim-1_987/index.html
954,Rip it Up and ...,35.02,catalogue/rip-it-up-and-start-again_986/index.html
955,Our Band Could Be ...,57.25,catalogue/our-band-could-be-your-life-scenes-from-the-american-indie-underground-1981-1991_985/index.html
956,Olio,23.88,catalogue/olio_984/index.html
957,Mesaerion: The Best Science ...,37.59,catalogue/mesaerion-the-best-science-fiction-stories-1800-1849_983/index.html
958,Libertarianism for Beginners,51.33,catalogue/libertarianism-for-beginners_982/index.html
959,It's Only the Himalayas,45.17,catalogue/its-only-the-himalayas_981/index.html
960,A Light in the ...,51.77,catalogue/a-light-in-the-attic_1000/index.html
961,Tipping the Velvet,53.74,catalogue/tipping-the-velvet_999/index.html
962,Soumission,50.1,catalogue/soumission_998/index.html
963,Sharp Objects,47.82,catalogue/sharp-objects_997/index.html
964,Sapiens: A Brief History ...,54.23,catalogue/sapiens-a-brief-history-of-humankind_996/index.html
965,The Requiem Red,22.65,catalogue/the-requiem-red_995/index.html
966,The Dirty Little Secrets ...,33.34,catalogue/the-dirty-little-secrets-of-getting-your-dream-job_994/index.html
967,The Coming Woman: A ...,17.93,catalogue/the-coming-woman-a-novel-based-on-the-life-of-the-infamous-feminist-victoria-woodhull_993/index.html
968,The Boys in the ...,22.6,catalogue/the-boys-in-the-boat-nine-americans-and-their-epic-quest-for-gold-at-the-1936-berlin-olympics_992/index.html
969,The Black Maria,52.15,catalogue/the-black-maria_991/index.html
970,Starving Hearts (Triangular Trade ...,13.99,catalogue/starving-hearts-triangular-trade-trilogy-1_990/index.html
971,Shakespeare's Sonnets,20.66,catalogue/shakespeares-sonnets_989/index.html
972,Set Me Free,17.46,catalogue/set-me-free_988/index.html
973,Scott Pilgrim's Precious Little ...,52.29,catalogue/scott-pilgrims-precious-little-life-scott-pilgrim-1_987/index.html
974,Rip it Up and ...,35.02,catalogue/rip-it-up-and-start-again_986/index.html
975,Our Band Could Be ...,57.25,catalogue/our-band-could-be-your-life-scenes-from-the-american-indie-underground-1981-1991_985/index.html
976,Olio,23.88,catalogue/olio_984/index.html
977,Mesaerion: The Best Science ...,37.59,catalogue/mesaerion-the-best-science-fiction-stories-1800-1849_983/index.html
978,Libertarianism for Beginners,51.33,catalogue/libertarianism-for-beginners_982/index.html
979,It's Only the Himalayas,45.17,catalogue/its-only-the-himalayas_981/index.html
980,A Light in the ...,51.77,catalogue/a-light-in-the-attic_1000/index.html
981,Tipping the Velvet,53.74,catalogue/tipping-the-velvet_999/index.html
982,Soumission,50.1,catalogue/soumission_998/index.html
983,Sharp Objects,47.82,catalogue/sharp-objects_997/index.html
984,Sapiens: A Brief History ...,54.23,catalogue/sapiens-a-brief-history-of-humankind_996/index.html
985,The Requiem Red,22.65,catalogue/the-requiem-red_995/index.html
986,The Dirty Little Secrets ...,33.34,catalogue/the-dirty-little-secrets-of-getting-your-dream-job_994/index.html
987,The Coming Woman: A ...,17.93,catalogue/the-coming-woman-a-novel-based-on-the-life-of-the-infamous-feminist-victoria-woodhull_993/index.html
988,The Boys in the ...,22.6,catalogue/the-boys-in-the-boat-nine-americans-and-their-epic-quest-for-gold-at-the-1936-berlin-olympics_992/index.html
989,The Black Maria,52.15,catalogue/the-black-maria_991/index.html
990,Starving Hearts (Triangular Trade ...,13.99,catalogue/starving-hearts-triangular-trade-trilogy-1_990/index.html
991,Shakespeare's Sonnets,20.66,catalogue/shakespeares-sonnets_989/index.html
992,Set Me Free,17.46,catalogue/set-me-free_988/index.html
993,Scott Pilgrim's Precious Little ...,52.29,catalogue/scott-pilgrims-precious-little-life-scott-pilgrim-1_987/index.html
994,Rip it Up and ...,35.02,catalogue/rip-it-up-and-start-again_986/index.html
995,Our Band Could Be ...,57.25,catalogue/our-band-could-be-your-life-scenes-from-the-american-indie-underground-1981-1991_985/index.html
996,Olio,23.88,catalogue/olio_984/index.html
997,Mesaerion: The Best Science ...,37.59,catalogue/mesaerion-the-best-science-fiction-stories-1800-1849_983/index.html
998,Libertarianism for Beginners,51.33,catalogue/libertarianism-for-beginners_982/index.html
999,It's Only the Himalayas,45.17,catalogue/its-only-the-himalayas_981/index.html
